"ID","x","y","sp1","sp2","sp3","sp4","sp5","sp6","sp7","sp8","sp9","sp10","sp11","sp12","sp13","sp14","sp15","sp16","sp17","sp18","sp19","sp20","sp21","sp22","sp23","sp24","sp25","sp26","sp27","sp28","sp29","sp30","sp31","sp32","sp33","sp34","sp35","sp36","sp37","sp38","sp39","sp40","sp41","sp42","sp43","sp44","sp45","sp46","sp47","sp48","sp49","sp50","sp51","sp52","sp53","sp54","sp55","sp56","sp57","sp58","sp59","sp60","sp61","sp62","sp63","sp64","sp65","sp66","sp67","sp68","sp69","sp70","sp71","sp72","sp73","sp74","sp75","sp76","sp77","sp78","sp79","sp80","sp81","sp82","sp83","sp84","sp85","sp86","sp87","sp88","sp89","sp90","sp91","sp92","sp93","sp94","sp95","sp96","sp97","sp98","sp99","sp100"
1,3.5,3.5,0,0,0,0,0,0,0,0,1,0,0,0,0,0,0,0,0,0,0,0,0,0,0,0,0,0,0,0,0,0,0,0,0,0,0,0,0,0,0,4,0,0,0,0,0,0,0,0,0,0,1,0,0,0,0,0,0,0,0,0,0,0,0,0,0,0,0,0,0,0,0,0,0,0,0,0,0,0,0,1,1,0,0,0,0,0,0,0,0,0,0,0,0,0,0,0,0,0,0,0
2,10.5,3.5,0,0,0,0,0,0,0,1,0,0,0,0,0,0,1,0,0,0,0,0,0,0,0,0,0,0,0,0,0,0,0,0,2,0,0,0,0,0,0,4,0,0,0,0,0,0,0,0,0,0,2,0,0,0,1,0,0,0,0,0,0,0,0,0,0,0,0,0,0,0,0,0,0,0,0,0,0,0,0,0,3,0,0,0,0,0,0,0,0,0,0,0,0,0,0,0,1,0,0,0
3,16.5,3.5,2,0,0,0,0,0,0,0,0,0,0,0,0,0,0,0,0,0,0,0,0,0,0,1,0,4,0,0,0,0,0,0,5,0,0,0,0,0,0,8,0,1,0,0,0,0,0,0,0,0,3,0,0,0,1,0,0,0,1,0,0,0,0,1,0,0,0,3,0,0,0,0,0,0,0,0,1,0,0,1,0,0,0,0,0,0,0,0,0,0,0,0,0,1,0,0,0,0,1,0
4,23.5,3.5,0,0,0,0,0,0,0,0,4,0,0,0,0,0,0,0,0,0,3,0,0,0,0,0,0,4,0,1,0,0,1,0,3,0,1,1,0,0,0,5,0,1,0,0,0,0,0,0,0,0,4,0,0,0,0,0,0,0,2,0,1,0,0,1,0,0,0,0,0,0,0,0,0,0,0,0,4,0,0,1,5,0,0,0,0,0,0,0,1,0,0,0,1,1,0,0,3,0,0,0
5,30.5,3.5,1,0,0,0,0,0,0,0,2,0,0,0,0,0,0,0,0,0,2,0,0,0,0,5,0,3,0,4,0,0,0,0,7,0,0,1,0,0,0,3,0,1,0,0,0,0,0,0,0,0,3,0,0,0,3,0,0,0,4,0,0,0,0,1,2,0,0,1,0,0,0,0,0,0,0,0,5,0,0,1,1,0,0,0,0,0,0,0,0,0,0,0,0,0,0,1,5,0,0,0
6,36.5,3.5,2,0,0,0,0,0,0,0,3,0,1,0,0,0,0,0,2,0,2,0,0,0,1,2,0,4,0,3,0,0,0,0,9,0,2,2,0,0,0,4,0,3,0,0,0,0,0,0,0,0,5,0,0,0,2,0,0,0,4,0,0,0,0,0,5,0,1,3,0,0,0,0,0,0,1,0,6,0,0,0,1,0,0,0,0,0,1,0,0,0,0,1,1,5,0,0,7,0,0,0
7,43.5,3.5,1,0,0,0,0,0,0,0,2,0,1,0,0,0,0,0,1,0,1,1,0,0,1,3,0,1,0,4,0,0,0,0,5,1,0,4,0,0,0,0,0,7,0,0,0,0,0,0,1,0,6,1,0,0,8,0,0,1,1,0,3,0,0,0,4,0,0,1,0,0,0,0,0,0,0,0,6,0,0,1,0,0,1,0,0,0,0,0,0,0,0,0,2,6,0,1,4,0,0,0
8,50.5,3.5,4,0,0,0,0,0,0,0,1,0,0,0,1,0,0,0,0,0,0,1,0,0,0,3,0,3,1,7,0,1,0,0,5,0,2,5,0,2,0,2,0,8,0,1,0,0,0,0,0,0,3,3,0,0,6,0,1,0,3,0,1,0,1,0,5,0,1,0,0,0,1,0,0,0,0,2,2,0,0,0,0,0,0,0,0,0,0,0,0,0,0,0,0,8,0,1,6,0,1,0
9,56.5,3.5,0,0,0,1,0,0,0,0,5,1,5,0,0,0,0,0,0,1,0,0,0,0,0,6,0,0,2,6,0,0,0,0,2,0,2,3,0,1,0,0,0,7,0,0,0,0,0,0,0,0,1,4,0,0,5,0,0,0,1,0,1,0,0,0,2,0,0,0,0,2,1,0,1,0,0,1,1,0,0,0,0,0,1,2,0,0,0,0,0,0,0,1,1,3,0,0,7,0,0,0
10,63.5,3.5,1,1,0,0,0,0,0,0,1,3,4,0,0,0,0,0,0,1,0,2,0,0,0,6,0,0,0,2,0,0,0,0,1,0,0,1,0,0,0,0,0,7,0,0,0,0,0,0,1,0,1,3,0,0,5,0,0,0,1,0,0,0,0,0,0,0,0,0,0,0,0,0,0,0,0,5,0,0,0,0,0,0,0,4,0,0,0,0,0,0,0,0,0,2,0,1,2,0,0,0
11,70.5,3.5,0,0,0,0,0,0,0,0,0,0,5,0,0,0,0,0,0,2,0,0,0,0,0,7,0,0,3,2,0,0,0,0,1,0,1,0,0,1,0,0,0,7,0,0,0,0,0,0,0,0,0,1,0,0,4,0,0,0,0,0,1,0,0,0,0,0,1,0,0,0,0,2,1,0,0,4,0,0,0,0,0,0,1,7,0,0,0,0,0,0,0,0,1,0,0,0,2,0,0,0
12,76.5,3.5,0,0,0,0,0,0,0,0,0,6,4,0,0,0,0,0,0,0,0,0,0,0,0,5,0,0,0,0,0,0,0,0,0,0,0,0,0,1,0,0,0,3,0,0,0,0,0,0,0,0,0,1,0,0,0,0,0,0,0,0,0,0,0,0,0,0,0,0,0,0,0,0,0,0,0,5,0,0,0,0,0,0,0,8,0,0,0,0,0,0,0,0,0,1,0,1,0,0,0,0
13,83.5,3.5,0,0,0,0,0,0,0,0,0,3,2,0,0,0,0,0,0,0,0,2,0,0,3,3,0,0,1,0,0,0,0,0,0,1,1,0,0,1,0,0,0,0,0,0,0,0,0,0,1,0,0,3,0,0,2,0,0,0,1,0,0,0,0,0,0,0,0,0,0,0,0,0,0,0,0,4,0,0,0,0,0,0,0,1,0,0,0,0,0,0,0,0,1,1,0,0,3,0,0,0
14,90.5,3.5,0,0,0,0,0,0,0,0,0,3,1,0,0,0,0,0,0,0,0,1,0,0,2,1,0,0,0,1,0,0,0,0,0,0,2,0,0,0,0,0,0,1,0,0,0,0,0,0,1,0,0,2,0,0,0,0,0,0,0,0,0,0,0,0,0,0,0,0,0,0,0,0,0,0,0,2,0,0,0,0,0,0,0,1,0,0,0,0,0,0,0,0,0,1,0,0,0,0,0,0
15,96.5,3.5,0,0,0,0,0,0,0,0,0,1,0,0,0,0,0,0,0,0,0,0,0,0,2,0,0,0,3,1,0,0,0,0,0,0,0,0,0,0,0,0,0,1,1,0,0,0,0,0,2,0,0,2,0,0,0,0,0,0,0,0,0,0,0,0,0,0,0,0,0,0,0,0,0,0,0,0,0,0,0,0,0,0,0,0,0,0,0,0,0,0,0,0,1,0,0,0,1,0,0,0
16,3.5,9.5,2,0,0,0,0,0,0,0,0,0,0,0,0,0,0,0,0,0,0,1,0,0,0,0,0,1,0,0,0,1,0,0,4,0,0,0,0,0,0,5,0,0,0,0,0,0,0,1,0,0,2,0,0,0,0,0,0,0,1,0,0,0,0,1,0,0,0,0,0,0,0,0,0,0,0,0,0,0,0,1,2,0,0,0,0,0,0,0,0,0,0,0,0,0,0,0,0,0,0,0
17,10.5,9.5,2,0,0,0,0,0,0,1,0,0,0,0,0,0,0,0,0,0,2,0,0,0,0,0,0,3,0,0,0,1,0,0,2,0,0,0,0,0,0,6,0,0,0,0,0,0,0,0,0,0,1,0,0,0,0,0,0,0,0,1,0,0,0,1,0,0,0,0,0,0,0,0,0,0,0,0,1,0,0,0,5,0,0,0,0,0,0,0,0,0,0,0,1,1,0,1,1,0,0,0
18,16.5,9.5,1,0,0,0,0,0,0,0,7,0,0,0,0,0,0,0,0,0,0,1,0,0,0,0,0,3,0,1,0,1,0,0,2,0,0,0,0,0,0,7,0,3,0,0,0,0,0,0,0,0,3,0,0,0,0,0,0,0,1,0,0,0,0,1,0,0,0,3,0,0,0,0,0,0,0,0,0,0,0,1,6,0,0,0,0,0,1,0,1,0,0,1,0,2,0,0,1,0,0,0
19,23.5,9.5,2,0,0,0,0,0,0,1,2,0,0,0,0,0,2,0,0,0,6,1,0,0,0,2,0,5,0,1,0,2,0,0,9,1,1,0,0,0,0,7,0,4,0,0,0,0,0,0,0,0,5,0,0,0,1,0,0,0,2,0,0,0,0,3,0,0,0,1,0,0,0,1,0,0,1,0,3,0,0,3,7,0,0,0,0,0,1,0,1,0,0,1,0,0,0,2,1,0,2,0
20,30.5,9.5,2,0,0,0,0,0,0,0,4,0,0,0,1,0,0,0,4,0,6,1,0,0,0,6,0,4,0,3,0,4,0,0,10,0,1,1,0,0,0,3,0,5,0,0,0,0,0,0,0,0,4,0,0,0,3,0,1,2,5,0,3,0,0,3,3,0,0,0,0,0,0,0,0,0,0,0,6,1,0,2,6,0,0,0,0,0,2,0,0,0,0,1,0,4,0,1,7,0,0,0
21,36.5,9.5,0,0,0,0,0,0,0,0,5,0,1,0,0,0,0,0,2,0,4,0,0,0,1,6,0,2,0,6,0,4,0,0,8,0,2,4,0,0,0,2,0,5,0,0,0,0,0,0,0,0,6,0,0,0,5,0,0,1,4,1,1,0,0,2,6,0,1,2,0,0,0,0,0,0,0,0,4,0,0,2,0,1,1,0,0,0,2,0,0,0,0,0,1,5,0,2,6,0,3,0
22,43.5,9.5,5,0,0,1,0,0,0,2,2,0,3,0,1,0,0,0,2,0,0,2,0,1,0,7,0,5,1,7,0,3,1,0,7,0,3,6,0,0,0,1,0,6,0,0,0,0,0,0,1,0,7,2,1,0,6,0,0,1,3,0,5,0,0,0,10,0,0,1,0,0,0,0,0,0,0,2,5,0,0,2,0,0,2,0,0,0,0,0,3,0,0,0,1,4,0,3,6,0,0,0
23,50.5,9.5,1,0,0,0,0,0,0,0,3,0,3,1,0,0,0,0,0,0,0,3,0,0,2,7,0,3,1,6,0,2,0,0,5,0,1,6,1,1,0,2,0,9,0,1,0,0,0,0,2,0,3,2,0,0,6,0,0,0,1,0,3,0,1,0,5,0,2,0,0,1,0,0,1,0,1,1,1,0,0,0,0,0,0,0,0,0,0,0,2,0,0,2,2,4,0,2,7,0,0,0
24,56.5,9.5,2,0,0,0,0,0,0,0,1,1,6,0,0,0,0,0,0,2,0,0,0,0,2,10,0,0,0,6,0,2,0,0,4,0,5,4,0,2,0,0,0,10,0,0,0,0,0,0,3,0,5,4,0,0,7,0,0,0,2,0,4,0,0,0,4,0,2,0,0,3,0,3,0,0,0,2,1,0,0,0,0,0,0,1,0,0,1,0,0,0,0,0,0,4,0,4,7,0,0,0
25,63.5,9.5,0,0,0,0,0,0,0,0,2,5,6,0,0,0,0,0,0,1,0,3,0,0,0,8,0,0,2,3,0,2,0,0,1,0,3,1,0,3,0,0,0,8,0,0,0,0,0,0,5,0,1,2,0,0,4,0,0,0,0,0,0,0,0,0,1,0,0,0,0,1,0,1,1,0,0,6,1,0,0,0,0,0,2,7,0,0,0,0,2,0,0,1,0,6,0,1,4,0,0,0
26,70.5,9.5,0,1,0,0,0,0,0,0,1,5,5,0,0,0,0,0,0,2,0,1,0,0,3,8,0,0,4,3,0,0,0,0,0,0,0,0,0,3,0,0,0,8,0,0,0,0,0,0,4,0,2,5,0,0,2,0,0,0,1,0,0,0,0,0,1,0,0,0,0,1,0,1,3,0,0,6,0,0,0,0,0,0,0,10,0,1,0,0,0,0,0,0,0,2,0,1,5,0,0,0
27,76.5,9.5,1,0,0,0,0,0,0,0,0,8,3,0,0,0,0,0,0,1,0,2,0,0,0,5,0,0,2,3,0,0,0,0,0,0,3,1,0,2,0,0,0,6,0,0,0,0,0,0,2,0,2,2,0,0,1,0,0,0,0,0,0,0,0,0,0,0,0,0,1,0,0,0,0,0,0,8,0,0,0,0,0,0,1,8,0,0,0,0,0,0,0,0,0,1,0,4,7,0,0,0
28,83.5,9.5,0,0,0,0,0,0,0,0,2,5,6,0,0,0,0,0,0,0,0,5,0,0,1,2,0,0,3,1,0,0,0,0,0,0,1,0,0,4,0,0,0,3,0,0,0,0,0,0,3,0,1,5,0,0,2,0,0,0,0,0,0,0,0,0,0,0,0,0,0,0,0,2,0,0,0,4,0,1,0,0,0,0,1,3,0,0,0,0,0,0,1,0,0,2,0,0,1,0,0,0
29,90.5,9.5,0,0,0,0,0,0,0,0,0,4,0,0,0,0,0,0,0,0,0,0,0,0,3,5,0,0,3,0,0,0,0,0,0,0,1,0,0,0,0,0,0,0,0,0,0,0,0,0,0,0,0,4,1,0,0,0,0,0,0,0,0,0,0,0,0,0,0,0,0,0,0,0,0,0,0,4,0,0,0,0,0,0,1,0,0,0,0,0,0,0,0,0,0,3,0,1,2,0,0,0
30,96.5,9.5,0,0,0,0,0,0,0,0,0,1,0,0,0,0,0,0,0,0,0,0,0,0,0,1,0,0,1,1,0,0,0,0,0,0,1,0,0,0,0,0,0,0,0,0,0,0,0,0,0,0,0,1,0,0,0,0,0,0,0,0,0,0,0,0,0,0,0,0,0,0,0,0,0,0,0,3,0,0,0,0,0,0,0,0,0,0,0,0,0,0,0,0,0,2,0,2,2,0,0,0
31,3.5,16.5,0,0,0,0,0,0,0,2,1,0,0,0,0,0,0,0,0,0,1,0,0,0,0,0,0,0,0,0,0,3,0,0,4,0,0,0,0,0,0,5,0,0,0,0,0,0,0,0,0,0,3,0,0,0,0,0,0,0,1,0,0,0,0,0,0,0,0,0,0,0,0,0,0,0,0,0,1,0,0,0,3,0,0,0,0,0,0,0,0,0,0,1,0,1,0,0,4,0,0,0
32,10.5,16.5,5,0,0,0,0,0,0,1,5,0,0,0,0,0,2,0,0,0,3,1,0,0,0,0,0,3,0,1,0,4,1,0,1,0,0,0,0,0,0,5,0,0,0,0,0,0,0,0,0,0,3,0,0,0,0,0,0,2,1,1,0,0,0,2,0,0,0,0,0,0,0,0,0,0,0,0,1,0,0,1,5,1,0,0,0,0,0,0,1,0,0,2,0,0,0,0,1,0,0,0
33,16.5,16.5,3,0,0,0,0,0,0,2,5,0,0,0,0,0,0,0,0,0,2,1,0,0,0,1,0,4,0,3,0,3,1,0,4,0,0,0,0,0,0,5,0,1,0,0,0,0,0,0,0,0,5,0,0,0,2,0,0,3,2,3,1,0,0,5,0,0,0,1,0,0,0,2,0,0,1,0,5,0,0,1,6,0,0,0,0,0,0,0,0,0,0,1,0,2,0,0,3,0,0,0
34,23.5,16.5,3,0,0,0,0,0,0,0,8,0,0,0,0,0,2,0,1,0,1,1,0,0,0,2,0,7,0,1,0,4,0,0,8,0,0,0,0,0,0,4,0,1,0,0,0,0,0,0,0,0,5,0,0,0,2,0,0,2,4,1,0,0,0,3,1,0,0,1,0,0,0,2,0,0,0,0,4,0,0,5,8,0,0,0,0,0,1,0,1,0,0,3,1,1,0,2,2,0,2,0
35,30.5,16.5,2,0,0,1,0,0,0,2,6,0,0,0,0,0,1,0,1,0,2,0,0,0,0,5,0,10,0,5,1,6,1,0,9,0,0,0,0,0,0,3,0,3,0,0,0,0,0,2,0,0,5,0,0,0,2,0,1,4,9,0,4,0,0,4,1,0,0,2,0,0,1,2,0,0,2,0,6,0,0,3,7,0,1,0,0,0,0,0,0,0,0,0,1,3,0,1,5,0,1,1
36,36.5,16.5,6,2,0,1,0,0,0,0,8,0,0,0,0,0,0,0,2,0,3,0,0,1,1,6,1,7,1,6,0,2,0,0,9,0,4,4,0,0,0,5,0,6,0,0,0,0,0,0,0,0,9,1,0,0,5,0,2,0,9,1,8,0,0,1,6,0,0,6,0,0,2,2,0,0,2,2,8,0,0,5,3,1,2,0,0,0,1,0,2,0,0,3,1,5,0,2,6,0,2,0
37,43.5,16.5,5,0,0,0,0,0,0,0,5,0,2,0,3,0,0,0,1,0,0,3,0,0,3,9,0,4,0,9,1,5,0,0,7,2,4,7,0,1,0,2,0,8,2,1,0,0,0,1,0,0,10,2,0,0,9,0,0,0,5,0,7,1,1,1,9,0,1,2,0,0,0,3,0,0,2,2,10,0,0,2,0,0,3,0,0,0,0,0,3,0,0,2,2,9,0,3,8,0,3,0
38,50.5,16.5,2,1,0,0,0,0,0,1,4,0,5,0,1,0,0,0,0,0,0,5,0,0,3,8,0,4,1,9,0,4,0,0,4,1,5,9,0,5,0,0,0,10,1,1,0,0,0,0,2,0,7,2,0,0,8,0,1,0,1,1,4,0,0,0,9,0,3,0,0,0,0,1,0,0,0,2,4,0,0,2,0,0,1,0,0,0,1,0,2,0,0,2,3,9,0,5,9,0,3,0
39,56.5,16.5,2,4,0,0,0,0,1,1,1,1,9,1,1,0,0,0,0,2,0,5,0,0,1,8,0,1,1,7,0,1,0,0,5,1,5,5,1,4,0,0,0,9,2,1,0,0,0,0,2,0,5,7,0,0,9,1,1,2,4,0,4,0,0,0,4,0,1,0,0,2,0,4,1,0,0,4,0,1,0,1,0,0,0,1,1,0,0,0,1,1,0,2,3,8,0,7,10,0,1,0
40,63.5,16.5,2,2,0,1,0,0,0,0,4,3,10,0,0,0,0,0,0,2,0,3,0,0,6,9,0,0,2,6,0,3,1,0,1,0,7,1,0,7,0,0,0,9,1,0,0,0,0,0,2,0,2,6,0,0,5,0,1,1,0,0,0,0,0,0,1,0,3,0,0,4,0,2,4,0,0,7,0,0,0,1,0,0,3,7,0,0,2,0,0,0,0,1,0,6,0,4,7,0,0,0
41,70.5,16.5,1,1,0,2,0,0,0,0,1,7,8,2,0,0,0,0,0,2,0,3,0,0,4,8,0,0,4,4,0,0,0,0,0,0,4,0,0,6,0,0,0,5,1,0,0,0,0,0,4,0,0,8,1,0,1,0,0,0,1,0,1,0,0,0,2,0,0,0,0,0,0,2,4,0,0,7,0,1,0,0,0,0,3,10,2,1,0,0,0,0,0,0,2,5,0,2,7,0,1,0
42,76.5,16.5,0,2,0,0,0,0,0,0,1,10,7,0,0,0,0,0,0,2,0,3,1,0,2,8,0,0,9,5,0,0,0,0,1,0,2,0,0,5,0,0,0,3,0,0,0,0,0,0,3,0,1,4,0,0,1,0,0,0,0,0,0,0,0,0,1,0,1,0,2,0,0,2,0,0,0,9,0,0,2,0,0,0,0,7,1,0,0,0,0,2,1,0,1,5,0,3,6,0,0,0
43,83.5,16.5,0,1,0,0,0,0,0,0,0,5,4,1,0,0,0,0,0,0,0,6,1,0,4,2,0,0,7,1,0,0,0,0,0,0,4,0,0,4,0,0,0,2,0,0,0,0,0,0,2,0,0,7,2,0,2,0,0,0,0,0,0,0,0,0,0,0,0,0,0,0,0,1,0,0,0,7,0,1,0,0,0,0,1,4,1,0,0,0,0,0,0,0,0,6,0,2,3,0,0,0
44,90.5,16.5,0,0,0,0,0,0,0,0,0,8,2,0,0,0,0,0,0,0,0,2,0,0,3,3,0,0,5,0,0,0,0,0,0,0,2,0,0,2,0,0,0,0,1,0,0,0,0,0,1,0,0,2,0,0,0,0,0,0,0,0,0,0,0,0,0,0,0,0,0,0,0,0,0,0,0,6,0,0,1,0,0,0,1,1,0,0,0,0,0,0,0,0,0,2,0,1,0,0,0,0
45,96.5,16.5,0,0,0,0,0,0,0,0,0,2,0,0,0,0,0,0,0,0,0,4,0,0,2,0,0,0,6,0,0,0,0,0,0,0,1,0,0,0,0,0,0,0,0,0,0,0,0,0,0,0,0,1,0,0,0,0,0,0,0,0,0,0,0,0,0,0,0,0,0,0,0,0,0,0,0,0,0,2,0,0,0,0,0,0,0,0,0,0,0,0,0,0,0,1,0,1,1,0,0,0
46,3.5,23.5,5,0,0,0,0,0,0,2,2,0,0,0,0,0,0,0,0,0,1,0,0,0,0,0,0,2,0,0,0,1,3,0,4,0,0,0,0,0,0,5,0,0,0,0,0,0,0,0,0,0,0,0,0,0,0,0,0,0,0,2,0,0,0,0,0,0,0,2,0,0,1,0,0,0,0,0,0,0,0,1,3,0,0,0,0,0,5,0,0,0,0,0,0,0,0,1,0,0,0,0
47,10.5,23.5,4,0,0,0,0,0,0,3,9,0,0,0,0,0,1,0,0,0,1,0,0,0,0,1,0,3,0,0,0,1,2,0,3,0,0,0,0,0,0,8,0,0,1,0,0,0,0,1,0,0,3,0,0,0,1,0,0,1,3,1,0,0,0,2,0,0,0,0,0,0,0,0,0,0,1,0,1,1,0,2,8,0,0,0,0,0,0,0,1,0,0,5,1,1,0,0,2,0,0,0
48,16.5,23.5,5,0,0,0,0,0,0,3,8,0,0,0,0,0,2,0,0,0,3,1,0,2,0,2,0,7,0,0,1,7,2,0,5,0,0,0,0,0,0,4,0,4,0,0,0,0,0,0,0,1,2,0,0,0,1,0,0,3,6,1,1,0,0,6,0,0,0,3,0,0,0,0,0,0,0,0,2,0,0,6,5,0,0,0,0,0,4,0,0,0,0,3,0,0,0,2,4,0,0,0
49,23.5,23.5,8,0,0,0,0,0,0,6,10,0,0,0,0,0,3,0,0,0,0,1,0,3,0,4,0,9,0,5,0,8,2,0,10,0,0,0,0,0,0,5,0,1,0,0,0,0,0,1,0,0,6,0,0,0,3,0,0,1,8,2,1,0,0,7,0,0,0,2,0,0,1,2,0,0,3,0,6,0,0,4,6,1,0,0,0,0,1,0,1,0,0,2,1,1,0,0,3,0,1,0
50,30.5,23.5,9,0,0,0,0,0,0,2,10,0,1,0,0,0,2,0,2,0,6,3,0,0,0,7,0,10,0,4,0,7,1,0,10,1,0,1,0,0,0,8,0,5,0,0,0,0,0,2,0,0,5,0,0,0,5,0,0,2,7,3,4,0,0,5,4,0,2,4,0,0,3,2,0,0,2,0,10,0,0,9,4,0,1,0,0,0,0,0,2,0,0,5,2,5,0,4,6,0,2,0
51,36.5,23.5,8,0,0,1,1,1,1,4,9,0,1,0,2,0,0,1,5,0,7,3,0,0,1,6,0,7,0,8,0,5,0,0,8,3,2,6,0,1,0,7,0,4,1,0,0,0,0,0,0,0,9,1,0,0,6,0,1,2,9,1,5,0,0,6,5,0,0,7,0,0,3,1,0,0,2,0,10,0,0,7,3,0,0,0,1,0,3,0,5,0,0,6,3,5,0,3,8,0,3,1
52,43.5,23.5,0,1,2,0,0,0,0,0,0,0,4,0,0,0,0,0,0,0,0,0,0,0,0,0,0,0,0,0,0,0,0,0,0,0,0,8,0,0,0,0,0,0,0,0,0,0,0,0,0,0,0,0,0,0,0,0,4,0,0,0,0,0,0,0,0,0,0,0,0,0,0,0,0,0,2,0,0,0,0,0,0,0,0,0,0,0,0,0,6,0,0,0,0,0,0,0,0,0,0,0
53,50.5,23.5,0,1,0,0,0,0,0,0,0,0,4,1,0,0,0,0,0,0,0,0,0,0,0,0,0,0,0,0,1,0,0,0,0,0,0,10,0,1,0,0,0,0,0,0,0,0,0,0,4,0,0,0,1,0,0,0,2,0,0,0,0,0,0,0,0,0,0,0,0,0,0,0,0,0,0,0,0,0,0,0,0,0,0,0,0,0,0,0,6,0,0,0,0,0,0,0,0,0,0,0
54,56.5,23.5,0,2,0,0,0,0,0,0,0,0,6,2,0,0,0,0,0,0,0,0,0,0,0,0,0,0,0,0,1,0,0,0,0,0,0,7,0,5,0,0,0,0,0,0,0,0,0,0,3,0,0,0,1,0,0,0,3,0,0,0,0,0,0,0,0,0,0,0,0,0,0,0,0,0,0,0,0,0,0,0,0,1,0,0,0,0,0,0,3,0,0,0,0,0,0,0,0,0,0,0
55,63.5,23.5,0,0,0,0,0,0,0,0,0,0,8,2,0,0,0,0,0,0,0,0,0,0,0,0,0,0,0,0,1,0,0,0,0,0,0,1,0,9,0,0,0,0,0,0,0,0,0,0,7,0,0,0,0,0,0,1,0,0,0,0,0,0,0,0,0,0,0,0,0,0,0,0,0,0,0,0,0,0,0,0,0,0,0,0,0,0,0,0,1,0,0,0,0,0,0,0,0,0,0,0
56,70.5,23.5,0,1,0,0,0,0,0,0,0,0,7,2,0,0,0,0,0,0,0,0,0,0,0,0,0,0,0,0,0,0,0,0,0,0,0,0,0,9,0,0,0,0,0,0,0,0,0,0,8,0,0,0,0,0,0,1,0,0,0,0,0,0,0,0,0,0,0,0,0,0,0,0,0,0,0,0,0,0,0,0,0,0,0,0,0,0,0,0,0,0,0,0,0,0,0,0,0,0,0,0
57,76.5,23.5,0,1,0,0,0,0,0,0,0,0,9,2,0,0,0,0,0,0,0,0,0,0,0,0,0,0,0,0,0,0,0,0,0,0,0,0,0,9,0,0,0,0,0,0,0,0,0,0,5,0,0,0,1,0,0,0,1,0,0,0,0,0,0,0,0,0,0,0,0,0,0,0,0,0,0,0,0,0,0,0,0,0,0,0,0,0,0,0,2,0,0,0,0,0,0,0,0,0,0,0
58,83.5,23.5,0,2,0,0,0,0,0,0,0,9,4,0,0,0,0,0,0,1,0,5,0,0,5,5,0,0,10,2,0,0,0,0,0,1,2,0,1,6,0,0,0,1,0,0,0,0,0,2,6,0,1,6,0,0,4,1,0,0,0,0,0,0,0,0,0,0,0,0,0,0,0,1,0,1,0,6,0,0,0,0,0,0,4,4,1,2,0,0,0,0,0,0,1,6,0,2,3,0,0,0
59,90.5,23.5,0,0,0,0,1,0,1,0,0,8,2,1,0,1,0,0,0,0,0,5,1,0,3,2,0,0,8,0,0,0,0,0,0,0,3,0,0,1,0,0,0,0,0,0,0,0,0,0,0,0,0,3,0,0,0,2,0,0,0,0,0,0,1,0,0,0,0,0,0,0,0,0,0,0,0,3,0,2,1,0,0,0,2,0,0,0,0,0,0,0,0,0,0,2,0,1,0,0,0,0
60,96.5,23.5,0,0,0,0,0,0,0,0,0,3,1,0,0,0,0,0,0,0,0,0,0,0,1,1,0,0,3,0,0,0,0,0,0,0,0,0,0,0,0,0,0,0,0,0,0,0,0,0,2,0,0,0,0,0,0,1,0,0,0,0,0,0,0,0,0,0,0,0,0,0,0,1,0,0,0,4,0,0,0,0,0,0,0,1,0,1,0,0,0,0,0,0,0,1,0,0,0,0,0,0
61,3.5,29.5,1,0,0,0,0,0,0,5,4,0,0,0,0,0,0,0,0,0,0,0,0,1,0,0,0,1,0,0,0,1,3,0,1,0,0,0,0,0,0,5,0,0,0,0,0,0,0,2,0,0,4,0,0,0,0,0,0,2,0,0,0,0,0,0,0,0,0,1,0,0,0,0,0,0,0,0,0,0,0,1,0,0,0,0,0,0,1,0,0,0,0,2,0,0,0,0,0,0,0,0
62,10.5,29.5,5,0,0,0,0,0,0,6,5,0,0,0,0,0,2,0,0,0,1,0,0,0,0,1,0,4,0,0,0,1,2,0,3,1,0,0,0,0,0,5,0,0,0,0,0,0,0,0,0,0,2,0,0,0,0,0,0,0,1,1,0,0,0,3,0,0,0,3,0,0,0,0,0,0,0,0,1,0,0,2,8,0,0,0,0,0,3,0,0,0,0,4,1,2,0,0,2,0,1,0
63,16.5,29.5,9,0,0,0,0,1,0,6,7,0,0,0,0,0,3,0,0,0,4,0,0,1,0,1,2,7,0,1,0,4,4,0,7,1,1,0,0,0,0,9,0,1,1,0,0,0,0,2,0,0,6,0,0,0,2,0,0,1,3,4,0,1,0,8,0,0,0,3,0,0,3,1,0,0,1,0,3,0,0,6,10,0,0,0,0,0,3,0,2,0,0,2,0,1,0,0,3,0,1,0
64,23.5,29.5,10,0,1,0,0,1,0,4,9,0,0,0,1,0,4,0,2,0,1,1,0,4,0,5,0,7,0,3,0,6,6,0,8,2,1,1,0,0,0,9,0,2,1,0,0,0,0,3,0,0,7,0,0,0,2,0,1,2,7,4,2,0,0,10,1,0,1,3,0,0,0,3,0,0,1,0,6,0,0,10,10,1,0,0,0,0,4,0,4,0,0,3,4,2,0,0,3,0,2,1
65,30.5,29.5,10,0,0,0,0,1,2,5,8,0,0,0,1,0,0,0,4,0,4,4,0,2,0,6,1,10,0,6,0,8,4,0,8,2,1,0,0,0,0,8,0,4,0,0,0,0,0,0,0,1,10,1,0,0,8,0,1,2,7,2,6,1,0,6,7,0,3,7,0,0,1,1,0,0,3,1,10,1,0,10,8,2,0,0,0,0,5,0,4,0,0,7,6,1,0,4,5,0,4,0
66,36.5,29.5,10,3,2,1,1,1,1,3,7,0,1,0,1,0,1,1,6,0,5,3,0,2,4,5,0,7,1,8,0,8,3,0,8,2,4,3,0,0,0,6,0,5,0,1,0,1,0,2,0,2,10,2,1,0,9,2,6,4,8,1,5,2,0,2,9,0,6,6,0,0,1,2,0,0,1,0,9,0,0,8,3,1,3,0,1,0,7,0,4,0,0,5,6,6,0,5,6,0,7,0
67,43.5,29.5,0,4,0,0,0,0,0,0,0,0,3,3,0,0,0,0,0,0,0,0,0,0,0,0,0,0,0,0,0,0,0,0,0,0,0,10,0,0,0,0,0,0,0,0,0,0,0,0,1,0,0,0,2,0,0,0,0,0,0,1,0,0,0,0,0,0,0,0,0,0,0,0,0,0,0,0,0,0,0,0,0,0,0,0,0,0,0,0,6,0,0,0,0,0,0,0,0,0,0,0
68,50.5,29.5,0,7,2,0,0,0,0,0,0,0,4,4,0,0,0,0,0,0,0,0,0,0,0,0,0,0,0,0,1,0,0,0,0,0,0,10,0,6,0,0,0,0,0,0,0,0,0,0,2,0,0,0,1,0,0,0,4,0,0,0,0,0,0,0,0,0,0,0,0,0,0,0,0,0,0,0,0,0,0,0,0,0,0,0,0,0,0,0,5,0,0,0,0,0,0,0,0,0,0,0
69,56.5,29.5,0,8,0,0,0,0,0,0,0,0,7,3,0,0,0,0,0,0,0,0,0,0,0,0,0,0,0,0,0,0,0,0,0,0,0,5,0,9,0,0,0,0,0,0,0,1,0,0,2,0,0,0,1,0,0,1,4,0,0,0,0,0,0,0,0,0,0,0,0,0,0,0,0,0,0,0,0,0,0,0,0,1,0,0,0,0,0,0,4,0,0,0,0,0,0,0,0,0,0,0
70,63.5,29.5,0,5,0,0,0,0,0,0,0,0,8,6,0,0,0,0,0,0,0,0,0,0,0,0,0,0,0,0,0,0,0,0,0,0,0,4,0,10,0,0,0,0,0,0,0,0,0,0,8,0,0,0,2,0,0,1,6,0,0,0,0,0,0,0,0,0,0,0,0,0,0,0,0,0,0,0,0,0,0,0,0,0,0,0,0,0,0,0,2,0,0,0,0,0,0,0,0,0,0,0
71,70.5,29.5,0,1,0,0,0,0,0,0,0,0,9,3,0,0,0,0,0,0,0,0,0,0,0,0,0,0,0,0,0,0,0,0,0,0,0,1,0,8,0,0,0,0,0,0,0,0,0,0,6,0,0,0,3,0,0,1,0,0,0,0,0,0,0,0,0,0,0,0,0,0,0,0,0,0,0,0,0,0,0,0,0,1,0,0,0,0,0,0,0,0,0,0,0,0,0,0,0,0,0,0
72,76.5,29.5,0,3,0,0,0,0,0,0,0,0,8,3,0,0,0,0,0,0,0,0,0,0,0,0,0,0,0,0,0,0,0,0,0,0,0,0,0,8,0,0,0,0,0,0,0,0,0,0,6,0,0,0,1,0,0,1,0,0,0,0,0,0,0,0,0,0,0,0,4,0,0,0,0,0,0,0,0,0,0,0,0,0,0,0,0,0,0,0,0,0,0,0,0,0,0,0,0,0,0,0
73,83.5,29.5,0,2,0,0,0,1,1,0,0,7,3,3,0,0,0,0,0,0,0,9,0,0,8,0,0,0,10,3,0,0,0,0,0,1,3,0,2,5,0,0,1,1,3,0,0,0,0,0,3,0,0,7,2,0,2,1,0,0,0,0,0,0,0,0,0,0,0,0,0,0,0,2,0,2,0,10,0,1,1,0,0,0,2,2,3,2,1,0,0,0,2,0,1,4,0,2,3,0,0,0
74,90.5,29.5,0,1,0,1,0,0,1,0,0,3,1,0,0,1,0,0,0,1,0,7,1,0,4,2,0,0,6,0,0,0,0,0,0,1,2,0,1,5,0,0,0,0,1,0,0,0,0,0,3,0,0,6,1,0,0,0,0,0,0,0,0,0,0,0,0,0,0,0,0,0,0,2,0,2,0,7,0,1,0,0,0,0,2,0,3,1,0,0,0,0,0,0,1,2,0,3,3,0,0,0
75,96.5,29.5,0,0,0,0,0,0,0,0,0,2,0,0,0,0,0,0,0,0,0,5,0,0,2,1,0,0,5,1,0,0,0,0,0,0,3,0,1,1,0,0,1,1,0,0,0,0,0,0,0,0,0,4,1,0,0,1,0,0,0,0,0,0,0,0,0,0,0,0,0,0,0,1,0,0,0,5,0,0,1,0,0,0,0,0,0,0,0,0,0,0,0,0,1,0,0,1,0,0,0,0
76,3.5,36.5,8,0,0,0,0,0,0,5,2,0,0,0,0,0,0,0,0,0,0,0,0,1,0,1,1,2,0,0,0,2,2,0,3,0,0,0,0,0,0,4,0,0,0,0,0,0,0,1,0,0,1,0,0,0,0,0,0,0,2,1,0,0,0,2,0,0,0,0,0,0,1,0,0,0,0,0,1,0,0,1,2,0,0,0,0,0,0,0,0,0,0,1,0,0,0,0,0,0,0,0
77,10.5,36.5,6,0,0,0,0,1,0,8,0,0,0,0,0,0,2,0,0,0,2,1,0,1,0,0,0,1,0,2,0,1,4,0,4,4,1,0,0,0,0,9,0,0,0,0,0,0,0,4,0,0,4,0,0,0,0,0,0,2,3,4,0,0,0,5,0,0,0,2,0,0,1,1,0,0,2,0,0,0,0,3,7,0,0,0,0,0,6,0,0,0,0,5,1,1,0,1,1,0,1,0
78,16.5,36.5,5,0,1,0,0,0,0,6,1,0,0,0,0,0,5,0,0,0,2,0,0,5,0,0,0,5,0,0,0,3,5,0,5,4,1,0,0,0,0,9,0,0,0,0,0,0,0,2,0,1,4,0,0,0,1,0,1,2,1,3,0,1,0,7,0,0,2,3,0,0,0,0,0,0,1,0,0,1,0,3,8,0,0,0,1,0,6,0,2,0,0,3,3,2,0,0,2,0,2,0
79,23.5,36.5,6,2,3,0,0,0,0,2,3,0,0,0,0,0,5,0,5,0,10,2,0,3,1,1,1,6,0,0,0,2,6,0,5,4,1,0,0,0,0,10,0,3,0,0,0,0,0,6,0,3,6,0,1,0,3,0,1,0,5,3,2,1,0,7,0,0,1,7,0,0,3,1,0,0,4,0,5,0,0,9,9,2,0,0,1,0,7,0,6,0,0,4,5,2,0,2,2,0,1,0
80,30.5,36.5,8,1,3,1,0,0,0,4,4,0,0,1,0,0,2,0,10,0,9,1,0,4,0,2,1,6,0,4,0,3,8,0,7,9,1,2,0,0,0,10,0,2,1,0,0,0,0,5,0,3,4,1,0,1,4,0,2,2,4,5,2,1,0,2,1,0,4,8,0,0,1,0,0,0,5,0,8,0,0,6,7,0,0,0,2,0,8,0,5,0,0,8,6,5,0,1,4,0,8,0
81,36.5,36.5,9,2,5,5,1,1,1,7,4,0,0,2,3,1,1,2,7,0,5,4,0,3,0,2,0,8,0,6,1,4,3,0,4,8,2,8,0,1,0,7,0,2,1,0,0,0,2,8,0,2,7,1,1,0,5,0,5,3,7,3,5,0,0,2,6,0,8,8,0,0,2,2,0,0,0,1,10,1,0,6,3,1,0,0,1,0,8,0,9,0,0,6,9,7,0,2,4,0,5,0
82,43.5,36.5,0,6,5,0,0,0,0,0,0,0,0,2,0,0,0,0,0,0,0,0,0,0,0,0,1,0,0,0,3,0,0,0,0,0,0,9,0,2,0,0,0,0,0,0,0,0,0,0,1,0,0,0,0,0,0,0,4,0,0,0,0,0,0,0,0,0,0,0,0,0,0,0,0,0,2,0,0,0,0,0,0,1,0,0,0,0,0,0,10,0,0,0,0,0,0,0,0,1,0,0
83,50.5,36.5,0,9,2,0,0,0,0,0,0,0,1,4,0,0,0,0,0,0,0,0,0,0,0,0,0,0,0,0,0,0,0,0,0,0,0,6,0,4,0,0,0,0,0,0,0,0,0,0,5,0,0,0,3,0,0,0,6,0,0,0,0,0,0,0,0,0,0,0,0,0,0,0,0,0,1,0,0,0,0,0,0,4,0,0,0,0,0,0,4,0,0,0,0,0,0,0,0,0,0,0
84,56.5,36.5,0,8,1,0,0,0,0,0,0,0,7,7,0,0,0,0,0,0,0,0,0,0,0,0,1,0,0,0,3,0,0,0,0,0,0,7,0,7,0,0,0,0,0,0,0,1,0,0,7,0,0,0,5,0,0,0,5,0,0,0,0,0,0,0,0,0,0,0,0,0,0,0,0,0,2,0,0,0,0,0,0,1,0,0,0,0,0,0,2,0,0,0,0,0,0,0,0,0,0,0
85,63.5,36.5,0,10,0,0,0,0,0,0,0,0,6,6,0,0,0,0,0,0,0,0,0,0,0,0,0,0,0,0,2,0,0,0,0,0,0,3,0,9,0,0,0,0,0,0,0,0,0,0,9,0,0,0,5,0,0,2,4,0,0,0,0,0,0,0,0,0,0,0,0,0,0,0,0,0,1,0,0,0,0,0,0,0,0,0,0,0,0,0,3,0,0,0,0,0,0,0,0,0,0,0
86,70.5,36.5,0,5,0,0,0,0,0,0,0,0,8,6,0,0,0,0,0,0,0,0,0,0,0,0,0,0,0,0,2,0,0,0,0,0,0,1,0,8,0,0,0,0,0,0,0,0,0,0,9,0,0,0,5,0,0,3,2,0,0,0,0,0,0,0,0,0,0,0,0,0,0,0,0,0,1,0,0,0,0,0,0,1,0,0,0,0,0,0,0,0,0,0,0,0,0,0,0,0,0,0
87,76.5,36.5,0,3,0,0,0,0,0,0,0,0,7,3,0,0,0,0,0,0,0,0,0,0,0,0,0,0,0,0,0,0,0,0,0,0,0,0,0,3,0,0,0,0,0,0,0,0,0,0,9,0,0,0,2,0,0,4,1,0,0,0,0,0,0,0,0,0,0,0,2,0,0,0,0,0,0,0,0,0,0,0,0,0,0,0,0,0,0,0,0,0,0,0,0,0,0,0,0,0,0,0
88,83.5,36.5,0,1,0,0,1,1,3,0,0,6,3,2,0,0,0,0,0,1,0,9,0,0,5,4,0,0,7,0,0,0,0,0,0,0,4,0,1,2,0,0,1,2,2,0,0,0,0,0,3,0,0,7,3,3,2,3,0,0,0,0,0,0,2,0,0,1,1,0,1,0,0,7,0,4,0,9,0,2,0,0,0,0,6,7,0,0,0,1,0,0,2,0,1,5,0,4,3,0,0,0
89,90.5,36.5,0,1,0,1,0,0,4,0,0,2,0,0,0,0,0,0,0,0,0,4,0,0,4,2,0,0,6,0,0,0,0,0,0,0,4,0,1,1,0,0,1,0,1,0,0,0,0,0,2,0,0,1,0,1,1,2,0,0,0,0,0,0,1,0,0,1,0,0,0,0,0,3,0,2,0,6,0,1,1,0,0,0,0,1,1,2,0,0,0,0,0,0,0,1,0,2,4,0,0,0
90,96.5,36.5,0,1,0,0,0,0,2,0,0,2,0,0,0,0,0,0,0,0,0,7,0,0,1,1,0,0,3,0,0,0,0,0,0,0,1,0,2,0,0,0,0,0,0,0,0,0,0,0,1,0,0,1,1,0,0,2,0,0,0,0,0,0,0,0,0,0,0,0,0,0,0,2,0,2,0,2,0,3,1,0,0,0,2,0,0,1,0,0,0,0,0,0,0,2,0,1,0,0,0,0
91,3.5,43.5,7,0,0,0,0,0,0,4,4,0,0,0,0,0,0,0,0,0,0,0,0,1,0,0,1,0,0,0,0,1,4,0,2,0,0,0,0,0,0,0,0,0,0,0,0,0,0,3,0,0,1,0,0,0,1,0,0,1,0,1,0,0,0,2,0,0,0,0,0,0,0,1,0,0,0,0,0,0,0,2,2,0,0,0,0,0,1,0,0,0,0,2,0,0,0,0,0,0,0,0
92,10.5,43.5,8,0,0,1,0,1,0,6,6,0,0,0,0,0,2,0,0,0,0,1,0,2,0,0,0,2,0,0,0,5,6,0,3,0,0,0,1,0,0,4,0,0,0,0,0,0,0,3,0,1,2,0,0,0,0,0,0,1,5,3,0,0,0,5,0,0,1,0,0,0,1,0,0,0,1,0,0,0,0,6,7,0,0,0,1,0,5,0,2,0,0,5,4,1,0,0,0,0,0,0
93,16.5,43.5,2,0,0,0,0,1,0,8,4,0,0,0,0,0,3,0,0,0,3,2,0,4,0,0,1,3,0,0,0,0,3,0,2,3,1,0,0,0,0,7,0,2,0,0,0,1,0,3,0,1,2,0,0,0,1,0,2,0,2,2,0,0,0,3,0,0,1,3,0,0,1,0,0,0,0,0,0,0,0,2,3,0,0,0,0,0,8,0,2,0,0,4,5,3,0,0,1,0,2,0
94,23.5,43.5,0,1,3,2,0,0,0,5,1,0,0,0,0,0,3,0,5,0,6,0,0,3,0,0,2,0,0,0,1,0,3,0,0,4,1,0,0,0,0,10,0,0,0,0,0,2,0,5,0,6,1,0,0,0,0,0,3,1,0,1,0,0,0,0,0,0,4,6,0,0,0,0,0,0,0,0,0,0,0,0,2,0,0,0,3,0,9,0,2,0,0,0,4,0,0,0,0,0,4,0
95,30.5,43.5,1,1,3,0,1,0,0,7,0,0,0,0,0,0,3,3,7,0,6,0,0,1,0,0,4,0,0,1,0,0,3,0,1,8,0,0,0,0,0,8,0,1,1,0,0,1,1,7,0,6,0,0,0,0,0,0,8,0,0,0,0,0,0,0,0,0,4,10,0,0,0,0,0,0,0,0,0,0,0,0,3,1,0,0,6,0,7,0,8,0,0,0,8,3,0,0,0,0,10,0
96,36.5,43.5,5,3,9,4,0,2,1,8,7,0,0,2,3,0,5,1,7,0,5,6,0,2,3,2,5,2,0,3,3,7,8,0,3,10,5,6,2,0,0,3,1,4,3,1,0,1,2,9,0,6,5,3,1,2,3,0,7,1,4,5,5,0,0,5,3,0,9,9,0,0,1,2,0,0,2,0,4,2,0,5,3,2,4,0,1,0,10,0,10,0,0,9,10,5,1,4,3,0,7,3
97,43.5,43.5,0,3,4,0,0,0,0,0,0,0,2,3,0,0,0,0,0,0,0,0,0,0,0,0,3,0,0,0,6,0,0,0,0,0,0,7,0,0,0,0,0,0,0,0,0,1,0,0,0,0,0,0,3,0,0,0,8,0,0,2,0,0,0,0,0,0,0,0,0,0,0,0,0,0,4,0,0,0,0,0,0,4,0,0,0,0,0,0,8,0,0,0,0,0,0,0,0,1,0,0
98,50.5,43.5,0,6,3,0,0,0,0,0,0,0,4,2,0,0,0,0,0,0,0,0,0,0,0,0,0,0,0,0,4,0,0,0,0,0,0,8,0,1,0,0,0,0,0,0,0,2,0,0,1,0,0,0,6,0,0,0,4,0,0,0,0,0,0,0,0,0,0,0,0,0,0,0,0,0,4,0,0,0,0,0,0,3,0,0,0,0,0,0,4,0,0,0,0,0,0,0,0,0,0,0
99,56.5,43.5,0,3,1,0,0,0,0,0,0,0,5,3,0,0,0,0,0,0,0,0,0,0,0,0,1,0,0,0,3,0,0,0,0,0,0,7,0,3,0,0,0,0,0,0,0,0,0,0,4,0,0,0,2,0,0,2,2,0,0,0,0,0,0,0,0,0,0,0,0,0,0,0,0,0,4,0,0,0,0,0,0,4,0,0,0,0,0,0,3,0,0,0,0,0,0,0,0,1,0,0
100,63.5,43.5,0,7,0,0,0,0,0,0,0,0,6,6,0,0,0,0,0,0,0,0,0,0,0,0,1,0,0,0,4,0,0,0,0,0,0,2,0,4,0,0,0,0,0,0,1,1,0,0,6,0,0,0,5,0,0,3,5,0,0,0,0,0,0,0,0,0,0,0,0,0,0,0,0,0,0,0,0,0,0,0,0,1,0,0,0,0,0,0,1,0,0,0,0,0,0,0,0,1,0,0
101,70.5,43.5,0,5,0,0,0,0,0,0,0,0,5,8,0,0,0,0,0,0,0,0,0,0,0,0,1,0,0,0,2,0,0,0,0,0,0,0,0,7,0,0,0,0,0,0,0,0,0,0,7,0,0,0,8,0,0,7,3,0,0,0,0,0,0,0,0,0,0,0,0,0,0,0,0,0,0,0,0,0,0,0,0,1,0,0,0,0,0,0,1,0,0,0,0,0,0,0,0,0,0,0
102,76.5,43.5,0,5,0,0,0,0,0,0,0,0,1,7,0,0,0,0,0,0,0,0,0,0,0,0,0,0,0,0,1,0,0,0,0,0,0,0,0,5,0,0,0,0,0,0,0,0,0,0,6,0,0,0,7,0,0,3,0,0,0,0,0,0,0,0,0,0,0,0,5,0,0,0,0,0,1,0,0,0,0,0,0,2,0,0,0,0,0,0,0,0,0,0,0,0,0,0,0,1,0,0
103,83.5,43.5,0,4,0,2,2,0,5,0,3,4,4,4,0,0,0,0,0,2,0,8,0,0,7,1,0,0,2,0,0,0,0,0,0,1,7,0,2,4,0,0,1,2,3,0,0,0,0,1,6,0,0,6,2,1,2,5,0,0,0,0,0,0,3,0,0,0,0,0,0,0,0,4,0,8,0,9,0,6,4,0,0,0,2,1,4,3,0,0,0,3,4,1,3,5,0,4,1,0,0,0
104,90.5,43.5,0,1,0,0,0,0,2,0,0,2,0,5,0,0,0,0,0,0,0,7,0,0,4,1,0,0,4,0,0,0,0,0,0,0,2,0,4,4,1,0,1,0,1,0,0,0,0,0,2,0,0,6,2,0,1,4,0,0,0,0,0,0,1,0,0,0,0,0,0,0,0,3,0,6,0,5,0,2,2,0,0,0,3,0,4,3,0,0,0,2,0,0,3,5,0,0,0,0,0,0
105,96.5,43.5,0,0,0,0,0,0,3,0,0,1,0,3,0,0,0,0,0,0,0,8,0,0,3,1,0,0,4,0,0,0,0,0,0,0,4,0,1,0,1,0,1,1,1,0,0,0,0,0,0,0,0,4,1,1,0,2,0,0,0,0,0,0,1,0,0,0,0,0,0,0,0,3,0,2,0,4,0,0,4,0,0,0,0,0,1,0,0,0,0,0,1,0,0,2,0,1,1,0,0,0
106,3.5,49.5,1,0,0,0,0,2,0,4,7,0,0,0,0,0,0,0,0,0,0,0,0,0,0,0,0,0,0,0,1,2,5,0,2,0,0,0,0,0,0,0,0,0,0,0,0,0,0,0,0,0,1,0,0,0,0,0,0,0,0,0,0,0,0,3,0,0,0,0,0,0,3,0,0,0,0,0,1,0,0,3,0,1,0,0,0,0,3,0,0,0,0,1,0,0,0,0,0,0,0,0
107,10.5,49.5,6,0,0,0,0,2,0,6,7,0,0,0,0,0,4,0,0,0,1,2,0,1,0,0,0,1,0,0,0,6,5,0,5,2,0,0,0,0,0,3,0,0,0,0,0,0,0,3,0,2,4,0,0,0,0,0,1,3,2,3,1,2,0,7,0,0,0,2,0,0,3,1,0,0,2,0,1,0,0,2,2,6,0,0,1,0,4,0,0,0,0,3,1,0,0,0,0,0,1,0
108,16.5,49.5,7,0,0,1,0,2,0,10,3,0,0,0,0,0,6,0,1,0,0,2,0,6,0,0,2,2,0,0,0,3,7,0,3,2,1,0,0,0,0,5,0,0,0,0,0,1,0,3,0,4,1,0,0,0,0,0,1,0,0,4,0,0,0,8,0,0,1,3,0,0,3,0,0,0,0,0,3,1,0,4,2,2,0,0,0,0,8,0,3,0,0,5,5,0,0,0,2,0,1,0
109,23.5,49.5,1,1,6,1,0,0,0,5,0,0,0,1,0,0,5,1,3,0,5,0,0,5,0,0,1,0,0,0,0,0,4,0,0,7,0,0,0,0,0,5,0,0,2,0,0,2,0,4,0,8,0,0,0,0,0,0,4,0,0,3,1,0,0,0,0,0,2,8,0,0,2,0,0,0,0,0,1,0,0,2,5,0,0,0,2,0,9,0,3,0,0,1,7,0,0,0,0,0,4,0
110,30.5,49.5,2,1,6,1,0,0,1,7,2,0,0,1,2,0,3,2,8,0,6,0,0,7,0,0,5,0,0,0,0,3,4,0,1,10,2,1,0,0,0,1,0,1,2,0,0,5,0,9,0,10,2,0,1,0,0,0,6,1,1,1,2,0,0,2,1,0,4,8,0,0,2,0,0,0,2,0,2,0,0,1,4,2,0,0,3,0,10,0,6,0,0,0,9,1,0,0,0,3,10,0
111,36.5,49.5,7,2,10,4,1,1,3,9,5,0,1,2,5,0,1,1,4,0,3,5,0,6,3,2,3,4,0,7,2,5,9,0,3,9,0,5,3,0,1,1,1,3,3,2,0,5,4,10,0,7,5,0,2,0,4,0,8,3,7,4,7,1,0,1,1,0,8,6,0,0,2,1,0,0,4,0,4,0,0,5,3,7,0,0,7,0,9,0,10,0,0,7,9,3,2,1,2,2,8,1
112,43.5,49.5,0,2,5,0,0,0,0,0,0,0,1,1,0,0,0,0,0,0,0,0,0,0,0,0,3,0,0,0,8,0,0,0,0,0,0,5,0,2,0,0,0,0,0,0,0,3,0,0,1,0,0,0,4,0,0,2,7,0,0,4,0,0,0,0,0,0,0,0,0,0,0,0,0,0,8,0,0,0,0,0,0,5,0,0,0,0,0,0,7,0,0,0,0,0,0,0,0,1,0,0
113,50.5,49.5,0,0,1,0,0,0,0,0,0,0,1,2,0,0,0,0,0,0,0,0,0,0,0,0,0,0,0,0,7,0,0,0,0,0,0,5,0,1,0,0,0,0,0,0,2,3,0,0,0,0,0,0,5,0,0,1,3,0,0,0,0,0,0,0,0,0,0,0,0,0,0,0,0,0,3,0,0,0,0,0,0,7,0,0,0,0,0,0,2,0,0,0,0,0,0,0,0,0,0,0
114,56.5,49.5,0,5,1,0,0,0,0,0,0,0,8,6,0,0,0,0,0,0,0,0,0,0,0,0,1,0,0,0,5,0,0,0,0,0,0,4,0,0,0,0,0,0,0,0,1,2,0,0,4,0,0,0,6,0,0,5,3,0,0,0,0,0,0,0,0,0,0,0,0,0,0,0,0,0,3,0,0,0,0,0,0,7,0,0,0,0,0,0,2,0,0,0,0,0,0,0,0,0,0,0
115,63.5,49.5,0,9,2,0,0,0,0,0,0,0,7,7,0,0,0,0,0,0,0,0,0,0,0,0,0,0,0,0,2,0,0,0,0,0,0,2,0,3,0,0,0,0,0,0,1,2,0,0,8,0,0,0,6,0,0,4,3,0,0,0,0,0,0,0,0,0,0,0,0,0,0,0,0,0,2,0,0,0,0,0,0,1,0,0,0,0,0,0,2,0,0,0,0,0,0,0,0,1,0,0
116,70.5,49.5,0,6,0,0,0,0,0,0,0,0,1,4,0,0,0,0,0,0,0,0,0,0,0,0,1,0,0,0,4,0,0,0,0,0,0,2,0,2,0,0,0,0,0,0,0,0,0,0,4,0,0,0,7,0,0,9,0,0,0,0,0,0,0,0,0,0,0,0,0,0,0,0,0,0,0,0,0,0,0,0,0,2,0,0,0,0,0,0,0,0,0,0,0,0,0,0,0,0,0,0
117,76.5,49.5,0,1,0,0,0,0,0,0,0,0,3,4,0,0,0,0,0,0,0,0,0,0,0,0,0,0,0,0,2,0,0,0,0,0,0,0,0,3,0,0,0,0,0,0,0,0,0,0,7,0,0,0,4,0,0,8,2,0,0,0,0,0,0,0,0,0,0,0,7,0,0,0,0,0,0,0,0,0,0,0,0,0,0,0,0,0,0,0,0,0,0,0,0,0,0,0,0,0,0,0
118,83.5,49.5,0,1,0,0,4,0,4,0,1,1,3,4,0,0,0,0,0,2,0,7,5,0,7,1,0,0,3,3,0,0,0,0,0,2,3,0,1,2,2,0,7,2,2,0,0,0,0,0,1,0,0,6,5,4,0,6,0,1,0,0,0,0,1,0,0,2,0,0,1,0,0,6,0,10,0,8,0,4,1,0,0,0,3,3,7,6,0,0,0,1,5,0,2,4,1,4,1,0,0,0
119,90.5,49.5,0,0,0,0,2,0,6,1,1,0,1,5,0,3,0,0,0,0,0,3,2,0,8,1,0,0,4,1,0,0,0,1,0,1,2,0,1,2,0,0,3,1,1,0,0,0,0,0,3,0,0,6,4,0,0,6,0,1,0,0,0,0,0,0,0,0,0,0,0,0,0,2,0,5,0,5,0,2,4,0,0,0,1,2,5,7,0,0,0,2,4,0,1,4,0,1,0,0,0,0
120,96.5,49.5,0,0,0,1,1,0,2,0,0,0,1,4,0,1,0,0,0,0,0,3,0,0,4,0,0,0,2,0,0,0,0,0,0,0,2,0,0,0,0,0,5,0,1,0,0,0,0,0,1,0,0,2,2,3,0,2,0,0,0,0,0,0,0,0,0,1,0,0,0,0,0,2,0,2,0,3,0,2,5,0,0,0,1,0,4,3,1,0,0,0,1,0,0,2,0,0,0,0,0,0
121,3.5,56.5,2,0,0,0,0,4,0,2,5,0,0,0,0,0,0,0,0,0,1,0,0,0,0,0,0,0,0,0,0,3,4,0,1,0,0,0,0,0,0,0,0,0,0,0,0,0,0,3,0,1,2,0,0,0,0,0,0,0,1,1,0,2,0,1,0,0,0,0,0,0,1,0,0,0,3,0,0,0,0,0,0,2,0,0,0,0,1,0,0,0,0,4,0,1,0,0,0,0,0,0
122,10.5,56.5,4,0,0,0,0,3,0,4,2,0,0,0,0,0,3,0,0,0,0,0,0,2,0,0,2,0,0,0,0,3,7,0,2,1,0,0,0,0,0,0,0,0,0,0,0,0,0,1,0,1,2,0,0,0,0,0,0,1,2,4,0,5,0,3,0,0,0,0,0,0,1,0,0,0,2,0,0,1,0,2,2,5,0,0,0,0,4,0,0,0,0,3,0,2,0,0,0,0,0,1
123,16.5,56.5,6,0,0,1,0,3,0,9,2,0,0,0,0,0,8,0,0,0,1,1,0,6,0,0,5,0,0,0,0,6,10,0,3,4,1,0,0,0,0,2,0,0,0,0,0,0,0,4,0,0,3,0,3,1,1,0,4,2,1,4,0,2,0,8,0,0,0,2,0,0,7,1,0,0,5,0,0,0,0,5,5,5,0,0,0,0,5,0,1,0,0,2,3,0,0,0,1,0,0,0
124,23.5,56.5,3,0,5,1,0,2,0,10,2,0,0,0,0,0,8,1,3,0,1,1,0,10,0,0,6,0,0,0,0,4,9,0,3,6,3,0,0,0,0,3,2,0,0,0,0,1,0,8,0,7,2,1,1,0,2,0,4,1,0,8,1,2,1,5,0,0,3,6,0,0,4,0,0,0,2,0,0,0,0,3,3,2,0,0,1,0,6,0,6,0,0,5,7,1,0,1,0,1,2,0
125,30.5,56.5,6,1,8,3,0,3,4,10,1,0,0,2,0,0,4,3,3,0,2,2,0,9,0,1,8,3,0,4,1,3,10,0,2,7,1,2,1,0,0,2,1,3,5,0,0,3,0,10,0,8,7,0,1,1,1,0,6,5,3,7,5,4,0,4,0,0,4,5,0,0,5,3,0,0,4,0,2,2,0,4,3,5,1,0,2,0,10,0,7,0,0,2,7,3,1,2,0,6,4,2
126,36.5,56.5,7,2,7,4,0,3,0,9,6,0,0,2,5,0,0,3,3,1,1,3,0,8,1,2,9,1,0,5,6,9,10,0,6,7,2,3,3,0,1,2,2,0,4,0,0,2,3,10,0,8,4,0,2,0,3,0,8,9,7,4,2,1,1,4,2,1,8,5,0,0,7,2,0,0,7,0,3,3,0,5,3,4,0,0,3,2,9,0,9,0,0,7,9,4,3,2,0,3,6,6
127,43.5,56.5,5,2,6,2,0,5,4,7,5,0,1,5,7,2,1,5,1,2,0,0,0,0,1,1,4,0,0,7,10,10,6,0,3,6,6,2,3,0,0,1,3,3,1,3,0,3,6,7,1,2,3,1,7,2,9,4,7,10,4,5,9,3,2,1,4,0,8,0,0,0,3,6,0,0,7,2,2,5,1,3,0,10,4,0,6,1,5,0,6,1,0,8,4,3,4,3,2,4,2,6
128,50.5,56.5,2,2,1,2,3,6,6,1,4,0,0,3,7,4,0,0,0,4,0,3,0,1,1,3,1,1,0,6,10,7,6,0,3,2,2,3,6,2,0,0,3,5,4,5,5,3,5,5,1,0,2,2,8,5,6,4,5,8,4,0,6,1,2,0,5,3,3,0,0,0,3,9,0,0,6,4,2,9,1,2,0,9,5,0,3,6,2,0,5,5,0,8,2,4,4,4,0,5,0,3
129,56.5,56.5,2,2,1,4,3,5,9,1,4,0,3,4,1,1,0,1,0,6,0,2,1,0,2,2,0,0,0,7,9,6,1,4,1,6,5,3,7,2,3,0,3,6,4,5,6,2,0,4,0,1,3,1,8,9,4,7,4,6,1,0,8,0,4,1,0,5,7,0,0,6,1,10,0,2,0,3,1,10,3,0,0,9,3,0,4,6,2,2,1,10,0,5,4,2,4,6,1,1,0,1
130,63.5,56.5,1,6,1,3,9,1,8,1,3,0,0,8,0,6,0,3,0,8,0,4,5,0,2,4,0,0,0,6,4,5,0,6,0,5,1,0,7,2,4,0,8,6,9,3,1,2,0,5,4,0,0,4,9,5,5,7,4,2,1,0,2,0,8,0,0,8,7,0,0,6,1,8,6,2,0,4,0,10,5,0,0,2,3,2,6,8,1,5,3,7,0,2,5,4,5,3,2,4,0,0
131,70.5,56.5,1,2,0,2,4,2,9,0,3,0,4,4,0,5,0,3,0,8,0,3,2,0,4,4,0,0,1,4,4,3,1,8,1,1,4,0,7,1,3,0,5,1,3,0,0,1,0,0,1,0,0,1,6,6,3,8,2,2,1,0,0,0,3,0,0,5,1,0,3,1,0,6,1,7,0,5,0,9,4,0,0,3,4,2,3,10,1,4,1,10,4,0,5,3,1,2,0,0,0,0
132,76.5,56.5,0,2,0,1,6,3,5,0,0,0,2,4,0,3,0,0,0,3,0,0,0,0,6,5,0,0,0,2,2,1,1,1,0,2,3,0,8,1,4,0,4,3,4,0,0,1,0,0,4,0,0,7,6,6,0,10,2,1,0,0,0,0,1,0,0,4,3,0,8,0,0,8,1,8,0,5,0,9,4,0,0,2,2,2,3,9,1,1,0,7,5,2,1,2,0,7,1,1,0,0
133,83.5,56.5,0,1,0,2,4,0,3,0,0,0,1,4,0,2,0,0,0,2,0,3,2,0,2,0,0,0,1,2,0,0,1,0,0,1,2,0,6,2,2,0,4,1,3,0,1,0,0,0,1,0,1,1,6,6,1,5,1,0,0,0,0,0,1,0,0,2,0,0,0,0,0,7,0,6,0,7,0,5,5,0,0,1,2,0,5,7,0,1,0,1,6,0,1,1,0,0,2,0,0,0
134,90.5,56.5,1,1,0,0,0,0,3,0,0,0,0,5,0,1,0,0,0,0,0,3,4,0,5,0,0,0,1,1,0,0,0,0,0,0,2,0,3,0,1,0,9,0,5,0,0,0,0,0,2,0,0,5,8,2,0,0,0,0,0,0,0,0,2,0,0,1,0,0,0,0,0,2,0,2,0,1,0,3,7,0,0,0,0,0,7,5,0,1,0,0,2,0,0,2,0,0,0,1,0,0
135,96.5,56.5,0,1,0,1,0,0,1,0,0,0,0,5,0,1,0,0,0,0,0,3,0,0,5,1,0,0,0,0,0,0,0,0,0,0,1,0,1,1,1,0,7,0,0,0,0,0,0,0,0,0,0,4,6,1,1,2,0,0,0,0,0,0,1,0,0,0,0,0,0,0,0,1,0,1,0,1,0,0,5,0,0,0,0,0,7,0,0,1,0,0,0,0,0,1,0,0,0,2,0,0
136,3.5,63.5,0,0,0,0,0,3,0,6,4,0,0,0,0,0,1,0,0,0,0,0,0,0,0,0,1,0,0,0,1,1,3,0,0,0,0,0,0,0,0,1,0,0,0,0,0,0,0,1,0,1,1,0,0,0,0,0,0,1,0,1,0,0,0,0,0,0,0,1,0,0,2,0,0,0,0,0,0,0,0,0,0,0,0,0,0,0,4,0,0,0,0,1,0,0,0,0,0,0,0,0
137,10.5,63.5,3,0,0,0,0,2,0,5,2,0,0,0,0,0,2,0,0,0,1,0,0,3,0,0,4,0,0,2,1,6,4,0,2,0,0,0,0,0,0,0,0,0,0,0,0,0,0,2,0,2,4,0,0,1,0,0,0,1,1,5,0,3,0,3,0,0,0,0,0,0,3,0,0,0,3,0,0,0,0,0,0,2,0,0,1,0,5,0,0,0,0,3,1,0,1,0,2,1,0,0
138,16.5,63.5,1,0,0,0,0,3,1,8,5,0,0,0,0,0,9,1,0,0,1,0,0,5,0,0,7,0,0,0,2,1,5,0,1,1,1,0,1,0,0,2,0,0,0,0,0,2,0,5,0,6,2,0,2,1,1,0,1,0,0,9,0,6,0,5,0,0,2,2,0,0,10,0,0,0,2,0,0,0,0,2,1,4,0,0,0,0,4,0,1,0,0,1,1,0,0,0,0,3,0,0
139,23.5,63.5,4,0,1,0,0,4,2,7,4,0,0,0,0,1,10,2,0,0,0,1,0,8,0,0,9,0,0,1,4,4,6,0,4,4,1,0,1,0,0,1,1,1,0,0,0,2,0,4,0,1,3,0,1,0,4,0,3,4,1,10,3,6,0,7,0,0,5,4,0,0,10,0,0,0,7,0,0,1,0,1,3,7,0,0,1,0,5,0,2,0,0,3,5,2,2,0,0,1,1,0
140,30.5,63.5,2,1,6,2,0,6,3,9,5,0,0,2,0,0,8,2,1,0,0,1,0,10,0,1,8,0,0,2,8,4,8,0,2,7,1,1,1,1,0,0,1,1,0,0,1,3,0,8,0,6,2,1,1,2,3,1,6,7,3,9,3,8,0,6,2,0,4,1,0,0,9,2,0,0,9,0,0,2,0,2,1,10,0,0,1,0,6,0,2,0,0,4,5,2,2,1,0,7,4,3
141,36.5,63.5,2,0,6,2,2,8,1,6,4,0,0,2,4,0,1,6,1,0,0,0,0,5,1,0,5,0,0,0,9,8,7,0,3,6,2,2,1,0,2,2,4,0,1,1,4,4,1,6,0,4,3,0,2,3,4,1,6,9,2,8,8,5,0,0,2,2,3,6,0,0,7,4,0,0,10,0,1,6,0,2,0,10,1,0,4,4,4,0,4,0,0,6,0,3,5,2,0,6,3,8
142,43.5,63.5,3,4,3,6,3,8,1,7,6,0,1,3,10,0,0,7,0,0,0,2,0,1,3,1,5,1,0,5,10,8,5,0,1,5,1,0,3,0,0,0,3,1,4,6,7,5,7,7,0,3,1,0,4,3,4,4,8,7,1,3,6,3,1,0,2,2,8,1,0,0,2,5,0,0,5,2,0,9,1,4,0,9,1,0,6,4,4,0,7,1,0,4,4,0,8,3,0,7,4,5
143,50.5,63.5,2,3,2,7,2,6,2,4,6,0,0,5,9,5,0,6,0,2,0,3,0,1,2,0,4,0,0,5,10,5,3,2,2,3,6,0,4,0,5,0,3,2,7,8,7,9,6,4,0,1,1,1,8,2,4,6,8,5,4,1,3,1,4,0,1,3,9,0,0,1,6,5,0,0,4,5,0,9,1,0,0,8,3,0,6,4,2,0,5,0,1,4,4,6,7,2,0,5,2,2
144,56.5,63.5,0,3,3,8,7,4,4,1,4,0,2,5,1,5,0,9,0,4,0,1,0,0,3,2,2,1,0,4,9,5,3,6,0,6,7,0,7,1,7,1,7,2,9,5,8,6,2,6,0,0,0,3,10,7,1,3,5,4,1,1,1,0,6,0,1,7,7,0,0,8,1,8,1,0,1,3,0,9,4,0,0,8,1,1,8,7,2,3,1,3,0,3,6,3,7,2,0,9,0,1
145,63.5,63.5,1,3,0,7,10,4,3,0,2,0,2,8,1,7,0,7,0,6,0,2,0,0,5,0,1,0,0,3,6,4,1,5,2,0,5,0,9,1,10,0,10,3,9,4,4,6,0,1,4,0,0,3,10,6,5,7,5,1,0,0,4,0,10,0,0,9,6,0,0,8,1,9,5,1,0,3,0,8,5,0,0,4,0,1,9,9,4,7,0,8,1,0,4,3,5,1,0,9,1,0
146,70.5,63.5,1,1,0,4,5,3,3,1,1,0,2,4,0,2,0,5,0,7,0,4,4,0,4,0,0,0,0,1,1,0,1,8,0,3,2,0,10,0,3,0,5,3,5,0,0,1,0,0,1,0,0,4,10,6,0,9,1,1,1,0,1,0,6,0,0,7,3,0,0,1,0,4,1,4,1,3,0,10,5,0,0,2,0,4,3,10,4,5,0,10,7,1,0,3,1,2,0,4,0,0
147,76.5,63.5,0,0,0,0,4,2,8,0,0,0,1,4,0,3,0,0,0,5,0,2,1,0,2,1,0,0,1,2,4,0,0,3,0,2,1,0,8,0,1,0,4,1,2,0,0,0,0,1,2,0,0,3,4,8,1,10,0,1,0,0,0,0,2,0,0,2,1,0,8,0,0,6,0,2,0,4,0,9,4,0,0,3,5,2,2,8,0,1,0,7,9,2,3,0,1,1,0,0,0,0
148,83.5,63.5,0,0,0,0,0,2,0,0,0,1,1,0,0,1,0,0,0,0,0,1,1,0,2,1,0,0,1,1,0,0,0,1,0,0,0,0,6,0,1,0,0,1,0,0,0,0,0,0,1,0,0,0,1,6,1,9,0,0,0,0,0,0,0,0,0,5,0,0,0,0,0,6,0,5,0,3,0,6,1,0,0,0,0,1,1,8,0,0,0,4,7,0,0,0,0,0,0,0,0,0
149,90.5,63.5,0,1,0,0,3,1,1,0,0,0,0,4,0,2,0,0,0,0,0,0,1,0,2,1,0,0,0,0,0,0,0,0,0,0,0,0,6,0,1,0,6,0,2,0,0,0,0,0,1,0,0,2,4,2,0,6,0,0,0,0,0,0,1,0,0,0,1,0,0,0,0,3,0,1,0,2,0,4,8,0,0,0,0,0,2,3,0,0,0,1,5,0,0,1,0,0,0,0,0,0
150,96.5,63.5,0,1,0,0,0,0,0,0,0,0,0,3,0,2,0,0,0,0,0,2,1,0,5,0,0,0,0,0,0,0,0,0,0,0,0,0,1,0,1,0,6,0,2,0,0,0,0,0,1,0,0,1,5,2,0,5,0,0,0,0,0,0,0,0,0,0,0,0,0,0,0,0,0,3,0,2,0,1,4,0,0,1,0,0,5,1,0,0,0,0,0,0,0,0,0,0,0,2,0,0
151,3.5,69.5,1,0,0,0,0,4,0,6,0,0,0,0,0,0,1,0,0,0,0,0,0,0,0,0,6,0,0,0,0,0,1,0,0,1,0,0,0,0,0,1,0,0,0,0,0,0,0,2,0,1,0,0,0,0,0,0,0,0,2,2,0,2,0,0,0,0,0,1,0,0,5,0,0,0,2,0,0,0,0,0,1,3,0,0,0,0,1,0,0,0,0,0,0,0,0,0,0,0,0,0
152,10.5,69.5,1,0,1,0,0,5,0,6,2,0,0,0,0,0,6,1,0,0,0,0,0,2,0,0,4,0,0,0,1,0,4,0,1,1,0,0,0,0,0,1,0,0,0,0,0,0,0,4,0,1,0,0,0,0,0,0,0,1,0,4,0,2,0,1,0,0,0,1,0,0,9,1,0,0,0,0,0,1,0,0,3,3,0,0,0,0,4,0,1,0,0,0,1,1,0,0,0,1,0,0
153,16.5,69.5,2,0,1,0,0,5,0,9,0,0,0,0,0,0,8,2,0,0,0,0,0,1,1,0,9,1,0,0,2,1,5,0,2,3,0,0,0,0,0,0,0,0,0,0,0,1,0,2,0,4,2,0,2,0,0,0,0,1,1,7,0,7,0,3,0,0,3,3,0,0,9,0,0,0,6,0,0,1,0,1,2,2,0,0,1,0,4,0,0,0,0,4,1,0,1,0,0,0,0,0
154,23.5,69.5,1,0,4,1,0,8,1,6,2,0,0,0,1,1,9,2,1,0,0,1,0,7,0,0,6,0,0,3,6,5,7,0,4,3,0,0,0,0,0,1,1,0,0,0,0,1,0,4,0,1,0,0,0,1,2,0,2,4,1,10,1,9,0,8,0,0,3,2,0,0,8,0,0,0,7,0,2,1,0,1,1,6,0,0,2,0,3,0,3,0,0,4,1,2,4,0,0,2,0,1
155,30.5,69.5,2,1,2,2,0,8,0,5,2,0,0,0,1,0,2,3,1,0,0,0,0,5,0,1,6,0,0,0,4,8,6,0,1,1,0,0,0,0,0,0,2,0,2,0,1,2,2,4,0,3,1,0,2,3,0,0,6,8,5,10,3,6,0,1,0,1,4,1,0,0,7,2,0,0,10,0,0,5,0,1,1,7,0,0,1,1,4,0,2,0,0,1,2,2,6,1,0,6,0,5
156,36.5,69.5,0,0,6,1,1,9,0,8,3,0,0,1,8,0,4,3,2,0,1,0,0,4,1,1,7,0,0,2,4,4,4,0,3,2,4,0,2,0,0,0,1,1,2,0,2,3,2,5,0,4,0,0,3,3,2,1,5,4,3,6,5,7,1,4,1,1,7,0,0,0,7,1,0,0,9,2,0,0,0,2,0,7,0,0,1,1,6,0,3,1,0,2,3,2,6,1,1,4,0,10
157,43.5,69.5,3,2,7,9,4,9,1,7,2,0,0,2,10,0,1,8,0,0,0,1,0,0,1,2,7,0,0,4,7,5,5,0,2,4,1,1,3,0,0,0,6,1,4,6,8,8,10,4,0,1,2,0,5,3,2,1,9,5,1,2,6,1,3,1,0,1,8,1,0,0,2,5,0,0,7,0,0,3,0,1,1,6,0,0,3,1,6,0,4,1,0,1,2,1,8,2,1,7,1,8
158,50.5,69.5,1,2,4,9,8,8,2,3,0,0,0,3,7,6,0,8,0,2,0,1,1,0,3,0,6,1,0,2,8,4,3,0,1,4,6,1,3,1,3,0,7,1,8,8,10,8,5,2,0,0,2,1,7,7,1,4,5,2,1,0,3,1,5,0,0,4,5,1,0,3,4,1,0,0,8,0,0,6,1,1,0,9,2,0,5,6,2,0,4,1,0,2,4,4,10,2,1,8,0,3
159,56.5,69.5,2,1,0,9,7,7,3,1,1,0,1,7,2,10,0,10,0,4,0,0,1,0,2,1,4,0,0,5,6,2,1,4,0,4,7,0,9,0,7,0,9,3,6,7,7,3,4,3,1,0,1,2,9,4,3,5,8,2,3,0,2,1,10,0,0,8,7,0,0,4,2,3,0,0,2,2,2,9,3,0,0,8,2,0,4,6,3,1,0,3,0,0,1,4,5,0,0,8,0,0
160,63.5,69.5,0,2,1,7,10,2,1,1,1,0,0,5,0,10,0,6,0,2,0,0,4,0,4,0,2,0,0,5,3,2,1,8,1,3,2,0,10,1,8,0,9,5,7,0,5,3,0,1,2,1,0,3,10,10,7,9,2,1,0,1,0,0,9,0,0,10,4,0,0,6,1,6,0,0,0,1,0,9,5,0,0,4,1,0,6,7,3,5,0,6,2,1,2,3,6,3,0,5,0,0
161,70.5,69.5,0,0,0,5,9,5,2,2,1,0,0,5,0,6,0,2,0,2,0,1,5,0,2,1,0,0,0,1,1,1,0,9,0,1,1,0,10,1,4,0,5,1,6,0,1,0,0,2,1,0,0,2,10,8,0,8,2,1,0,0,0,0,7,0,0,7,1,0,0,0,0,2,1,0,0,2,0,9,6,0,0,3,0,0,3,10,0,5,0,8,7,0,0,1,2,0,0,4,0,0
162,76.5,69.5,0,4,0,4,9,4,2,1,0,0,0,6,0,6,0,1,0,0,0,0,7,0,0,1,0,0,0,3,4,0,0,6,0,1,2,0,10,1,4,0,4,0,2,0,1,0,0,2,0,0,0,1,9,7,0,7,0,0,0,0,0,0,2,0,0,6,1,0,10,0,0,4,0,0,0,4,0,8,9,0,0,1,2,1,7,8,0,6,0,7,10,0,1,0,0,2,0,2,0,0
163,83.5,69.5,0,0,0,1,1,2,0,0,0,0,0,2,0,2,0,0,0,0,0,0,4,0,1,0,0,0,0,1,1,1,0,1,0,0,1,0,5,0,4,0,4,0,5,0,0,0,0,0,1,0,0,0,6,6,1,7,0,0,0,0,0,0,3,0,0,4,0,0,2,0,0,2,0,2,0,5,0,6,5,0,0,0,3,0,2,8,0,1,0,1,8,0,0,1,0,0,0,0,0,0
164,90.5,69.5,0,0,0,1,2,0,0,0,0,0,0,4,0,3,0,1,0,0,0,1,3,0,2,0,0,0,0,0,0,0,0,0,0,0,0,0,3,1,1,0,8,0,2,0,0,0,0,0,0,0,0,1,5,3,0,4,0,0,0,0,0,0,3,0,0,1,0,0,0,0,0,0,0,1,0,4,0,3,7,0,0,1,0,0,5,4,0,0,0,0,0,0,1,2,1,0,0,0,0,0
165,96.5,69.5,0,1,0,0,1,0,0,0,0,0,0,1,0,0,0,0,0,0,0,0,1,0,0,0,0,0,0,0,0,0,0,0,0,0,0,0,2,0,0,0,5,0,2,0,0,0,0,0,1,0,0,2,3,4,0,0,0,0,0,0,0,0,1,0,0,1,0,0,0,0,0,0,0,0,0,0,0,3,3,0,0,0,0,0,2,1,0,0,0,0,0,0,0,2,0,0,0,0,0,0
166,3.5,76.5,0,0,0,0,0,1,0,2,0,0,0,0,0,0,1,0,0,0,0,0,0,0,0,0,5,0,0,0,1,0,2,0,0,0,0,0,0,0,0,1,0,0,0,0,0,0,0,2,0,1,0,0,0,0,0,0,0,0,0,2,0,1,0,1,0,0,0,0,0,0,3,0,0,0,1,0,0,0,0,0,0,1,0,0,0,0,1,0,0,0,0,1,1,0,0,0,0,2,0,0
167,10.5,76.5,0,0,0,0,0,2,0,5,1,0,0,0,0,0,1,0,0,0,0,0,0,0,0,0,6,0,0,0,0,0,1,0,0,0,0,0,0,0,0,0,0,0,0,0,0,0,0,1,0,2,1,0,0,0,0,0,0,0,0,8,0,3,0,1,0,0,0,0,0,0,6,0,0,0,3,0,0,0,0,1,0,2,0,0,0,0,0,0,1,0,0,0,0,0,0,0,0,1,0,0
168,16.5,76.5,0,0,1,0,0,3,0,8,0,0,0,0,0,0,4,0,0,0,0,0,0,3,0,0,10,0,0,0,0,2,1,0,0,3,0,1,0,0,0,1,0,0,0,0,0,1,0,2,0,4,0,0,0,0,0,0,3,0,1,6,0,3,0,1,0,0,1,0,0,0,8,0,0,0,3,0,0,1,0,1,0,2,0,0,0,0,5,0,0,0,0,0,1,0,1,0,0,0,0,0
169,23.5,76.5,2,1,2,0,0,5,0,5,1,0,0,1,1,0,7,1,0,0,1,0,0,7,0,0,9,0,0,0,2,1,0,0,3,2,0,0,0,0,0,1,0,0,0,0,0,2,0,3,0,4,1,0,0,0,0,0,2,0,1,9,0,7,0,2,1,0,4,3,0,0,10,0,0,0,4,0,0,1,0,0,0,6,0,0,1,0,3,0,2,0,0,0,1,0,1,0,0,1,0,0
170,30.5,76.5,2,0,3,4,1,8,1,7,1,0,0,0,2,2,5,5,1,0,0,0,0,5,0,0,9,0,0,0,4,5,4,0,2,0,1,0,0,0,0,1,0,0,1,0,2,4,1,3,0,9,0,0,1,1,1,0,1,2,1,8,1,8,0,2,0,0,2,0,0,0,9,1,0,0,5,0,0,2,0,0,1,4,0,0,2,2,4,0,2,0,0,0,0,1,4,0,0,1,0,4
171,36.5,76.5,0,0,6,5,1,9,0,6,1,0,0,3,1,0,2,7,0,0,0,0,0,1,0,0,10,0,0,0,5,4,3,0,4,4,0,1,4,0,0,1,0,0,5,0,2,7,0,3,0,6,0,0,1,4,1,0,2,4,1,5,1,7,1,1,0,2,7,1,0,0,8,1,0,0,9,0,1,3,0,0,1,6,0,0,2,0,5,0,2,1,0,1,1,2,9,1,0,5,1,7
172,43.5,76.5,0,1,0,4,2,10,1,4,1,0,0,1,8,2,0,10,0,0,0,0,0,0,0,0,3,0,0,1,5,5,3,0,0,1,0,1,4,0,1,2,2,1,6,7,7,8,5,3,0,1,1,1,1,4,4,1,5,3,4,6,1,3,4,0,1,1,8,1,0,0,4,4,0,0,5,0,0,4,0,0,0,8,1,0,1,1,3,1,3,0,0,1,3,0,8,1,0,5,2,10
173,50.5,76.5,0,0,1,6,6,9,0,2,3,0,0,2,6,1,0,8,0,0,0,1,2,0,0,0,5,0,0,2,7,2,4,0,0,3,1,0,6,0,2,0,5,2,3,6,9,6,4,4,0,0,1,1,3,5,1,3,4,3,2,1,2,3,7,0,0,5,8,0,0,1,2,5,0,0,6,0,0,7,0,0,0,8,1,0,2,3,1,0,0,4,0,0,1,1,10,1,0,2,0,4
174,56.5,76.5,1,1,1,2,6,7,0,1,2,0,0,3,2,3,0,5,0,2,0,0,0,0,2,2,1,0,0,1,6,0,2,7,0,2,3,0,9,0,2,0,4,1,3,4,8,3,2,3,0,0,1,1,6,9,1,3,2,2,1,0,2,0,5,0,0,8,2,0,0,1,0,4,0,0,3,0,0,7,2,0,0,5,0,0,6,4,0,2,0,3,0,0,2,1,8,0,0,4,0,0
175,63.5,76.5,1,1,0,3,5,7,0,1,3,0,0,3,0,4,0,5,0,4,0,0,3,0,2,0,0,0,0,1,3,1,0,7,1,1,1,0,8,1,1,0,3,1,6,0,4,0,0,1,0,0,0,3,5,10,2,3,3,2,0,0,2,0,5,0,0,10,3,0,0,2,0,5,1,0,1,3,0,10,1,0,0,4,0,0,1,8,2,2,0,5,2,0,0,1,5,1,0,4,0,0
176,70.5,76.5,0,0,0,5,9,4,0,1,1,0,0,3,0,5,0,1,0,0,0,0,3,0,0,0,1,0,0,0,0,0,0,7,0,2,0,0,10,0,5,0,8,2,7,0,0,0,0,1,1,0,0,1,5,5,0,6,3,1,0,0,0,0,6,0,0,9,1,0,1,0,0,3,0,0,1,0,0,6,5,0,0,2,2,0,4,7,0,7,0,6,8,0,1,1,2,0,0,2,0,0
177,76.5,76.5,0,0,0,3,7,0,1,0,0,0,0,5,0,9,0,2,0,0,0,1,10,0,1,0,0,0,0,0,0,1,0,4,0,2,3,0,7,0,6,0,8,1,7,0,0,0,0,0,3,0,0,0,6,7,0,3,2,0,0,0,0,0,6,0,0,5,2,0,9,1,0,1,0,0,0,2,0,3,9,0,0,0,1,0,4,5,0,9,0,4,7,0,2,0,2,0,0,3,0,0
178,83.5,76.5,0,0,0,1,0,1,0,0,0,0,0,7,0,3,0,0,0,0,0,0,6,0,3,0,1,0,0,0,1,0,0,2,0,1,2,0,8,0,4,0,9,0,5,0,0,0,0,0,0,0,0,2,6,3,0,3,0,0,0,0,0,0,5,0,0,3,1,0,2,0,0,1,0,1,0,0,0,2,8,0,0,0,0,0,6,7,0,2,0,1,9,0,0,0,0,0,0,1,0,0
179,90.5,76.5,0,0,0,1,1,0,0,0,0,0,0,3,0,3,0,0,0,0,0,0,3,0,0,0,0,0,0,0,1,0,0,0,0,0,1,0,3,0,2,0,7,0,1,0,0,0,0,0,0,0,0,1,6,1,0,2,0,0,0,0,0,0,2,0,0,1,0,0,0,0,0,1,0,0,0,1,0,3,5,0,0,0,0,0,1,4,0,1,0,0,1,0,0,0,0,0,0,1,0,0
180,96.5,76.5,0,0,0,0,1,0,0,0,0,0,0,1,0,1,0,1,0,0,0,1,0,0,1,0,0,0,0,0,0,0,0,0,0,0,0,0,2,0,1,0,4,0,0,0,0,0,0,0,0,0,0,0,1,1,0,1,0,0,0,0,0,0,1,0,0,0,1,0,0,0,0,1,0,0,0,0,0,0,3,0,0,0,0,0,2,0,0,0,0,0,0,0,0,0,0,0,0,0,0,0
181,3.5,83.5,0,0,0,0,0,2,0,1,1,0,0,0,0,0,0,0,0,0,0,0,0,1,0,0,1,0,0,0,0,1,1,0,0,0,0,0,0,0,0,0,0,0,0,0,0,1,0,0,0,0,0,0,0,0,0,0,0,0,0,2,0,3,0,0,0,0,0,0,0,0,2,0,0,0,0,0,0,0,0,0,0,0,0,0,0,0,1,0,0,0,0,0,0,0,0,0,0,0,0,0
182,10.5,83.5,0,0,1,0,0,2,0,2,0,0,0,0,0,0,1,0,0,0,0,0,0,0,0,0,2,0,0,0,0,0,0,0,2,0,0,0,0,0,0,0,0,0,0,0,0,0,0,1,0,0,0,0,0,0,0,0,0,0,1,3,0,4,0,2,0,0,0,0,0,0,7,1,0,0,1,0,0,0,0,0,0,0,0,0,0,0,1,0,0,0,0,0,0,0,0,0,0,0,0,0
183,16.5,83.5,0,0,0,0,0,7,0,2,1,0,0,0,0,0,4,1,0,0,0,0,0,3,0,0,6,0,0,0,0,3,2,0,1,0,0,0,1,0,0,0,0,0,2,0,0,0,0,3,0,2,0,0,0,0,0,0,0,0,0,6,0,6,0,0,0,0,0,0,0,0,7,1,0,0,1,0,0,0,0,0,0,0,0,0,0,0,0,0,1,0,0,0,1,0,0,0,0,0,0,0
184,23.5,83.5,0,0,1,1,0,4,0,1,2,0,0,0,0,0,4,2,0,0,0,0,0,1,0,0,7,0,0,0,3,1,2,0,0,1,0,0,1,0,0,0,0,0,0,0,0,0,0,2,0,2,0,0,1,0,0,0,2,0,0,7,1,7,0,0,0,0,2,0,0,0,10,0,0,0,3,0,0,0,0,0,1,3,0,0,1,0,2,0,1,0,0,0,0,1,2,0,0,1,0,1
185,30.5,83.5,0,0,4,4,0,7,0,4,1,0,0,0,1,1,1,4,1,0,0,0,0,1,0,0,9,0,0,1,2,0,2,0,2,1,0,0,0,0,0,0,0,1,5,0,1,2,0,3,0,4,1,0,2,1,0,1,3,0,1,7,0,4,0,0,0,0,4,4,0,0,9,1,0,0,5,0,0,1,0,0,0,1,0,0,1,0,2,0,1,0,0,0,0,1,5,0,0,3,0,2
186,36.5,83.5,0,0,8,5,2,3,0,5,1,0,0,1,5,3,0,10,0,0,0,0,0,1,0,0,10,0,0,0,3,1,1,0,1,4,0,0,0,0,0,0,3,0,2,0,0,10,0,2,0,5,1,0,1,1,0,0,6,1,1,4,1,3,0,0,1,0,6,2,0,0,7,0,0,0,3,0,0,2,0,0,1,2,0,0,3,0,3,0,0,0,0,0,1,0,5,0,0,2,0,6
187,43.5,83.5,0,0,5,8,3,10,0,3,0,0,0,1,7,2,0,10,0,0,0,0,0,0,0,2,8,0,0,0,2,2,1,0,0,2,2,0,4,0,0,0,3,0,6,6,2,10,3,4,0,4,0,0,5,3,1,0,7,1,2,1,2,1,3,0,0,2,7,1,0,0,5,0,0,0,5,0,0,3,0,0,0,2,0,0,1,1,2,0,2,0,0,0,0,0,5,0,0,5,0,4
188,50.5,83.5,0,1,2,2,2,10,1,1,0,0,0,2,5,5,0,7,0,0,0,0,0,0,1,0,1,0,0,0,7,1,4,3,0,3,1,1,4,0,0,0,0,2,4,7,5,7,1,2,0,2,0,0,6,7,2,1,4,3,1,1,1,1,4,0,0,3,4,0,0,0,5,2,0,0,2,0,0,8,0,0,0,3,0,0,1,1,1,1,0,1,0,0,1,4,9,0,0,2,0,3
189,56.5,83.5,0,0,0,5,6,5,0,1,0,0,0,0,2,5,0,6,0,1,0,0,0,0,0,0,2,0,0,0,3,1,1,4,0,0,1,0,8,0,0,0,1,1,4,3,4,4,2,0,0,1,0,0,4,9,2,2,1,2,1,0,0,1,6,0,0,9,1,1,0,2,0,0,0,0,4,0,0,4,1,0,0,2,2,0,2,2,0,3,0,1,0,0,0,0,5,0,0,1,0,0
190,63.5,83.5,0,0,0,3,3,8,0,0,1,0,0,2,0,4,0,2,0,2,0,0,2,0,0,0,0,0,0,0,1,1,0,10,1,1,0,1,6,0,0,0,4,1,2,1,5,1,0,1,0,0,0,0,6,9,0,4,1,1,0,0,0,0,4,0,0,10,1,0,0,3,2,1,1,1,1,1,0,5,0,0,0,1,0,1,1,2,0,3,0,1,1,0,0,0,4,0,0,2,0,0
191,70.5,83.5,0,0,0,5,8,2,0,1,0,0,0,1,0,7,0,3,0,1,0,1,8,0,0,0,0,0,0,0,3,0,0,10,0,0,1,0,9,0,3,0,5,0,4,0,1,1,0,0,0,0,2,0,6,9,0,1,1,2,0,0,1,1,7,0,0,7,4,0,0,1,2,3,0,0,0,0,0,5,4,0,0,2,0,0,2,7,0,8,0,2,6,0,2,0,3,0,0,2,0,0
192,76.5,83.5,0,1,0,3,4,2,0,0,0,0,0,3,0,6,0,2,0,1,0,0,10,0,1,0,0,0,0,0,0,0,0,2,0,0,0,0,4,0,2,0,6,0,5,0,0,0,0,1,1,0,0,0,7,5,0,3,3,0,0,0,1,0,6,0,0,4,3,0,7,0,0,0,0,0,0,0,0,3,7,0,0,1,0,0,5,0,3,9,0,1,8,0,0,1,1,0,0,2,0,0
193,83.5,83.5,0,0,0,1,4,2,0,0,0,0,0,2,0,2,0,2,0,0,0,0,5,0,1,0,0,0,0,0,0,0,0,1,0,0,0,0,4,1,2,0,6,0,3,0,0,1,0,0,0,0,0,0,5,1,0,2,0,0,0,0,0,0,4,0,0,1,0,0,1,0,0,0,0,0,0,3,0,6,8,0,0,0,0,0,1,2,0,2,0,0,6,0,0,0,1,0,0,0,0,0
194,90.5,83.5,0,0,0,2,0,1,0,0,0,0,0,1,0,4,0,0,0,0,0,0,4,0,0,0,0,0,0,0,0,0,0,1,0,0,0,0,4,0,0,0,6,0,1,0,0,0,0,0,0,0,0,0,2,0,0,1,0,0,0,0,0,0,0,0,0,4,0,0,0,0,0,1,0,0,0,0,0,2,5,0,0,0,0,0,1,3,0,0,0,0,1,0,0,0,0,0,0,0,0,0
195,96.5,83.5,0,0,0,0,0,0,0,0,0,0,0,1,0,1,0,0,0,0,0,0,4,0,0,0,0,0,0,0,0,0,0,0,0,0,0,0,2,0,0,0,5,0,1,0,0,0,0,0,0,0,0,0,2,1,0,0,0,0,0,0,0,0,0,0,0,0,0,0,0,0,0,0,0,0,0,0,0,1,3,0,0,0,0,0,2,3,0,0,0,0,1,0,1,0,0,0,0,1,0,0
196,3.5,90.5,0,0,0,0,0,0,0,1,1,0,0,0,0,0,0,0,0,0,0,0,0,0,0,0,3,0,0,0,0,0,0,0,0,0,0,0,0,0,0,0,0,0,0,0,0,0,0,0,0,1,0,0,0,0,0,0,0,1,0,0,0,0,0,0,0,0,0,0,0,0,4,0,0,0,2,0,0,0,0,0,0,0,0,0,0,0,0,0,0,0,0,0,0,0,0,0,0,0,0,0
197,10.5,90.5,0,0,0,0,0,4,0,0,1,0,0,0,0,0,1,0,0,0,0,0,0,0,0,0,3,0,0,0,0,0,0,0,0,0,0,0,0,0,0,0,1,0,0,0,0,0,0,0,0,0,0,0,0,0,0,0,0,0,0,6,0,2,0,0,0,0,0,0,0,0,7,0,0,0,2,0,0,0,0,1,0,2,0,0,0,0,0,0,0,0,0,0,0,0,0,0,0,0,0,0
198,16.5,90.5,0,0,0,0,0,2,0,0,0,0,0,0,0,0,1,1,0,0,0,0,0,0,0,0,3,0,0,0,0,2,1,0,0,1,0,0,0,0,0,0,0,0,0,0,0,1,0,0,0,0,0,0,0,0,0,0,0,0,0,4,0,5,0,0,0,0,0,0,0,0,6,0,0,0,5,0,0,0,0,0,0,2,0,0,0,0,0,0,0,0,0,0,0,0,1,0,0,0,0,0
199,23.5,90.5,0,0,1,1,0,5,0,1,0,0,0,0,0,0,1,3,0,0,0,0,0,2,0,0,6,0,0,0,1,0,1,0,0,0,0,0,0,0,0,0,0,0,0,0,0,0,0,1,0,2,0,0,0,0,0,0,3,1,1,7,0,6,0,0,0,0,2,0,0,0,8,0,0,0,5,0,0,0,0,0,1,0,0,0,0,0,2,0,0,0,0,0,0,1,3,0,0,0,0,2
200,30.5,90.5,0,0,3,2,0,1,0,2,0,0,0,0,1,0,1,4,1,0,0,0,0,0,0,0,7,0,0,0,0,1,0,0,0,0,0,0,1,0,0,0,0,0,1,0,0,3,0,0,0,1,0,0,2,0,0,0,2,0,0,4,0,3,0,0,1,0,1,0,0,0,4,0,0,0,2,0,0,0,0,0,0,1,0,0,1,0,1,0,0,0,0,0,0,0,1,0,0,0,0,0
201,36.5,90.5,0,0,2,4,3,2,0,0,0,0,0,0,4,1,0,9,0,0,0,0,0,0,0,1,6,0,0,0,2,0,1,0,0,1,0,0,0,0,0,0,2,0,0,1,0,6,0,0,0,2,0,0,0,1,0,0,5,0,0,2,0,1,1,0,0,0,4,1,0,0,8,0,0,0,2,0,0,1,0,0,0,1,0,0,1,0,1,1,0,0,0,0,1,0,1,0,0,0,0,1
202,43.5,90.5,0,1,2,5,2,6,0,4,0,0,0,2,7,1,0,8,0,0,0,0,0,0,0,0,3,0,0,0,0,0,1,0,2,0,0,0,2,0,0,0,2,0,2,5,0,6,2,0,0,3,0,0,4,2,0,0,4,0,0,2,0,1,2,0,0,0,4,1,0,0,3,0,0,0,5,0,0,2,0,0,0,0,0,0,1,1,1,0,0,0,0,0,0,0,3,0,0,2,0,5
203,50.5,90.5,0,0,0,4,2,8,0,0,0,0,0,0,6,1,0,5,0,1,0,0,2,0,0,0,0,0,0,1,3,0,0,0,0,0,0,0,5,0,0,0,2,0,6,2,3,6,0,0,0,0,0,0,2,6,0,1,1,0,0,0,0,1,3,0,0,6,5,0,0,0,2,1,0,0,3,0,0,2,0,0,0,2,0,0,1,0,0,1,1,0,0,0,0,1,4,0,0,0,0,3
204,56.5,90.5,0,0,0,1,2,7,0,0,0,0,0,1,2,4,0,4,0,1,0,0,1,0,0,0,0,0,0,0,1,0,0,5,0,0,1,0,5,0,0,0,0,2,2,2,1,3,0,0,0,0,0,0,2,9,0,0,0,0,0,2,1,1,3,0,0,7,1,0,0,2,0,3,0,0,1,0,0,7,0,0,0,0,0,0,0,1,0,1,1,1,0,0,0,1,1,0,0,1,0,0
205,63.5,90.5,0,0,0,5,4,4,1,0,0,0,0,2,0,2,0,5,0,0,0,0,5,0,0,0,0,0,0,1,1,0,0,7,0,0,0,0,8,0,3,0,0,0,3,1,0,1,0,0,0,0,0,0,3,8,2,0,1,0,0,0,0,0,6,0,0,7,2,0,0,1,0,0,0,0,0,0,0,4,1,0,0,0,0,0,1,2,0,5,0,1,1,0,0,0,3,0,0,1,0,0
206,70.5,90.5,0,0,0,1,4,2,0,0,0,0,0,4,0,5,0,2,0,2,0,0,3,0,0,0,1,0,0,0,0,0,0,5,0,0,0,0,5,0,0,0,3,0,6,0,0,0,0,1,0,0,0,0,5,5,0,1,0,1,0,0,0,0,4,0,0,7,1,0,0,0,0,2,0,0,0,0,0,5,5,0,0,1,0,0,0,4,0,1,0,1,7,0,0,0,2,0,0,1,0,0
207,76.5,90.5,0,0,0,4,4,5,0,0,0,0,0,3,0,6,0,0,0,0,0,0,6,0,1,0,0,0,0,0,0,0,0,3,0,0,0,0,4,0,1,0,1,0,6,0,0,0,0,0,0,0,0,1,3,2,0,1,0,0,0,0,0,0,5,0,0,7,2,0,7,0,0,0,0,0,0,0,0,2,3,0,0,0,0,0,0,3,0,7,0,0,8,0,0,0,1,0,0,0,0,0
208,83.5,90.5,0,0,0,2,2,0,0,0,0,0,0,2,0,5,0,0,0,0,0,0,3,0,1,0,0,0,0,0,0,0,0,0,0,0,0,0,3,0,1,0,5,0,3,0,0,0,0,0,0,0,0,0,2,4,0,1,0,0,0,0,0,0,4,0,0,2,1,0,0,0,0,0,0,0,0,1,0,2,4,0,0,0,0,0,1,2,0,3,0,0,6,0,0,0,0,0,0,0,0,0
209,90.5,90.5,0,0,0,2,0,0,0,0,0,0,0,3,0,0,0,1,0,0,0,0,3,0,2,0,0,0,0,0,0,0,0,0,0,0,2,0,3,0,1,0,2,0,2,0,0,0,0,0,0,0,0,0,0,2,0,1,0,0,0,0,0,0,1,0,0,0,0,0,0,0,0,0,0,0,0,1,0,0,3,0,0,0,0,0,1,0,0,2,0,0,2,0,0,0,0,0,0,0,0,0
210,96.5,90.5,0,0,0,1,0,0,0,0,0,0,0,1,0,1,0,0,0,0,0,0,2,0,0,0,0,0,0,0,0,0,0,0,0,0,0,0,0,0,0,0,0,0,2,0,0,0,0,0,0,0,0,0,1,1,1,0,0,0,0,0,0,0,1,0,0,1,0,0,0,0,0,0,0,0,0,0,0,1,1,0,0,0,0,0,0,2,0,0,0,0,0,0,0,0,0,0,0,0,0,0
211,3.5,96.5,0,0,0,0,0,3,0,1,0,0,0,0,0,0,0,0,0,0,0,0,0,0,0,0,2,0,0,0,0,0,0,0,0,0,0,0,0,0,0,0,0,0,0,0,0,0,0,0,0,0,0,0,0,0,0,0,0,0,0,0,0,0,0,1,0,0,0,0,0,0,3,0,0,0,0,0,0,0,0,0,0,0,0,0,0,0,0,0,0,0,0,0,0,0,0,0,0,0,0,0
212,10.5,96.5,0,0,0,0,0,6,0,1,0,0,0,0,0,0,0,0,0,0,0,0,0,0,0,0,1,0,0,0,0,0,0,0,0,0,0,0,0,0,0,0,0,0,0,0,0,0,0,0,0,0,0,0,0,0,0,0,0,0,0,0,0,3,0,0,0,0,0,0,0,0,4,0,0,0,1,0,0,0,0,0,0,1,0,0,0,0,1,0,0,0,0,0,0,0,0,0,0,0,0,0
213,16.5,96.5,0,0,0,0,0,6,0,1,0,0,0,0,0,0,1,0,0,0,0,0,0,0,0,0,2,0,0,0,0,0,0,0,0,0,0,0,0,0,0,0,0,0,0,0,0,1,0,0,0,0,0,0,0,0,0,0,0,0,1,6,0,6,0,0,0,0,0,0,0,0,7,0,0,0,1,0,0,0,0,0,0,0,0,0,0,0,0,0,0,0,0,0,0,0,0,0,0,0,0,0
214,23.5,96.5,0,0,1,2,0,5,0,1,0,0,0,0,0,0,0,2,0,0,0,0,0,0,0,0,2,0,0,0,0,0,0,0,0,0,0,0,0,0,0,0,0,0,0,0,0,0,0,1,0,2,0,0,0,0,0,0,0,0,0,6,0,2,0,0,0,0,0,0,0,0,8,0,0,0,0,0,0,0,0,0,0,0,0,0,1,0,0,0,0,0,0,0,0,0,0,0,0,0,0,0
215,30.5,96.5,0,0,2,5,0,1,0,1,0,0,0,0,0,0,0,3,0,0,0,0,0,0,0,0,3,0,0,0,0,0,0,0,0,0,0,0,0,0,0,0,0,0,3,0,0,1,0,0,0,4,0,0,0,0,0,0,0,0,0,3,0,1,0,0,0,0,1,0,0,0,5,0,0,0,3,0,0,0,0,0,0,0,0,0,0,0,0,0,0,0,0,0,0,0,0,0,0,0,0,0
216,36.5,96.5,0,0,2,2,0,1,0,0,0,0,0,0,0,0,1,8,0,0,0,0,0,0,0,0,1,0,0,0,1,1,0,0,0,0,0,0,0,0,0,0,1,0,3,3,0,2,1,1,0,1,0,0,1,0,0,0,1,0,0,2,0,2,0,0,0,0,4,0,0,0,7,0,0,0,3,0,0,1,0,0,0,0,0,0,0,0,0,0,0,0,0,0,0,0,1,0,0,1,0,4
217,43.5,96.5,0,0,2,6,2,7,0,1,0,0,0,1,1,2,0,9,0,0,0,0,0,0,0,0,1,0,0,0,0,0,0,0,0,0,1,0,0,0,0,0,0,0,3,3,1,6,4,0,0,1,0,0,0,1,0,0,3,0,0,0,1,1,1,0,0,3,1,0,0,0,3,0,0,0,4,0,0,1,0,0,0,1,0,0,0,0,0,0,0,0,0,0,0,0,4,0,0,1,0,5
218,50.5,96.5,0,0,0,4,2,7,0,0,0,0,0,1,1,2,0,8,0,0,0,0,0,0,0,0,0,0,0,1,0,0,0,0,0,0,1,0,5,0,0,0,0,0,1,4,3,4,0,1,0,0,0,0,2,6,0,0,1,1,0,0,0,4,6,0,0,2,3,0,0,0,3,1,0,0,4,0,0,1,0,0,0,1,0,0,1,2,0,0,1,0,0,0,0,0,7,1,0,1,0,0
219,56.5,96.5,0,0,0,4,1,6,0,0,0,0,0,0,0,3,0,7,0,0,0,0,0,0,0,0,1,0,0,0,1,0,0,5,0,0,0,0,6,0,1,0,1,0,4,1,0,2,1,0,0,0,0,0,0,4,0,2,1,0,0,0,0,0,4,0,0,6,2,0,0,0,0,0,0,0,2,0,0,2,1,0,0,0,0,0,2,1,0,0,0,0,0,0,0,0,1,0,0,0,0,0
220,63.5,96.5,0,0,0,7,2,5,0,0,0,0,0,4,0,1,0,5,0,0,0,0,1,0,0,0,0,0,0,0,0,0,0,5,0,0,0,0,2,0,3,0,2,0,4,2,0,2,1,0,0,0,0,0,2,4,0,0,2,0,0,0,0,0,3,0,0,5,1,0,0,0,2,0,0,0,0,0,0,2,2,0,0,0,0,0,1,0,0,8,0,0,0,0,0,0,1,0,0,1,0,0
221,70.5,96.5,0,0,0,5,4,1,0,0,0,0,0,1,0,3,0,3,0,0,0,0,9,0,0,0,0,0,0,0,1,0,0,9,0,0,0,0,5,0,0,0,2,0,5,0,0,1,0,0,0,0,0,0,1,4,0,1,0,1,0,0,0,0,5,0,0,6,1,0,0,0,0,0,0,0,0,0,0,0,2,0,0,0,0,0,1,3,0,9,0,0,3,0,0,0,2,0,0,0,0,0
222,76.5,96.5,0,0,0,2,1,3,0,0,1,0,0,0,0,3,0,0,0,0,0,0,4,0,0,0,0,0,0,0,1,0,0,4,0,0,0,0,2,0,0,0,1,0,6,0,0,1,0,0,0,0,0,0,4,3,0,1,0,0,0,0,0,0,3,0,0,6,2,0,4,0,0,0,0,0,0,0,0,0,0,0,0,0,0,0,0,1,0,6,0,0,7,0,1,0,1,0,0,0,0,0
223,83.5,96.5,0,0,0,0,1,0,0,0,0,0,0,1,0,1,0,0,0,0,0,0,2,0,0,0,0,0,0,0,0,0,0,0,0,0,0,0,5,0,0,0,0,0,0,0,0,0,0,1,0,0,0,0,3,8,0,1,0,0,0,0,0,0,3,0,0,4,0,0,0,0,0,0,0,0,0,0,0,0,3,0,0,0,0,0,0,0,0,2,0,1,4,0,0,0,1,0,0,0,0,0
224,90.5,96.5,0,0,0,2,1,0,0,0,0,0,0,0,0,0,0,0,0,0,0,0,1,0,1,0,0,0,0,0,0,0,0,0,0,0,0,0,1,0,0,0,1,0,1,0,0,0,0,0,0,0,0,0,2,3,0,0,0,0,0,0,0,0,0,0,0,0,0,0,0,0,0,0,0,0,0,0,0,2,2,0,0,0,0,0,0,0,0,1,0,0,0,0,0,0,0,0,0,0,0,0
225,96.5,96.5,0,0,0,0,0,0,0,0,0,0,0,2,0,0,0,0,0,0,0,0,0,0,0,0,0,0,0,0,0,0,0,0,0,0,0,0,1,0,0,0,0,0,0,0,0,0,0,0,0,0,0,0,0,1,0,0,0,0,0,0,0,0,0,0,0,0,0,0,0,0,0,0,0,0,0,0,0,0,1,0,0,0,0,0,0,0,0,0,0,0,0,0,0,0,0,0,0,0,0,0
